sg,sgNumber,cleaned_formula
P b a m,55.0,Nd2Cu2O5
C m c a,64.0,NbCoTe2
P m n a,53.0,NbFeTe2
P m -3 m,221.0,Ba6Co25S27
P 42/m b c,135.0,Sr2GeN2
C m c m,63.0,Ca3CrN3
P b a m,55.0,Ta4SiTe4
C m c m,63.0,MnTl2H4OF5
C m c m,63.0,MnTl2H4OF5
P m c 21,26.0,Ba6Mn4Si12Cl3O34
P m c 21,26.0,Ba6Fe5Si11Cl3O34
I 41/a :2,88.0,Cu5H10C10S2N2Cl5
P 21 21 2,18.0,H11Au(C9N)2
P 21 21 21,19.0,ZnBH25C20(SN3)2
P b c a,61.0,NiPH8C6NO5
I -4 2 d,122.0,ZnH10(CN)12
P m n 21,31.0,KPH31C16NO6
P 21 21 21,19.0,CeCuH22C20N5O13
P 21 21 21,19.0,PrCuH22C20N5O13
P 21 21 21,19.0,EuCuH22C20N5O13
P 21 21 21,19.0,TbCuH22C20N5O13
P 21 21 21,19.0,DyCuH22C20N5O13
P 21 21 21,19.0,HoCuH22C20N5O13
P 21 21 21,19.0,TmCuH22C20N5O13
P 21 21 21,19.0,YbCuH22C20N5O13
P 21 21 21,19.0,CeNiH22C20N5O13
P 21 21 21,19.0,NdNiH22C20N5O13
P 21 21 21,19.0,EuNiH22C20N5O13
P 21 21 21,19.0,TbNiH22C20N5O13
P 21 21 21,19.0,ErNiH22C20N5O13
C m c m,63.0,MnVCuO4
P b c n,60.0,ZnH10C8(N2Cl)2
F d d 2,43.0,CdH10C8(BrN2)2
A m a 2,40.0,NaCa4(BO3)3
A m a 2,40.0,KCa4(BO3)3
A m a 2,40.0,KSr4(BO3)3
P 4/n m m :2,129.0,SrSbSe2F
C m c m,63.0,VPH4CO5
I m m m,71.0,V2P2H6C3O11
C m c m,63.0,VPH5(CO3)2
I m m m,71.0,V2P2H12C5O12
P 1 21/c 1,14.0,V3P4H24C9N2O15
P 4/n m m :2,129.0,Ce(AlPd)2
I -4 2 m,121.0,In5AgTe8
P n m a,62.0,Dy2H20C24N2O17
P 21 21 21,19.0,MnH25C18N5(ClO2)2
I -4 2 m,121.0,Co4Ag5P5C64S24N28OF60
I 4/m m m,139.0,Cs2PdI6
F m -3 m,225.0,Cs2PdI6
P 21 21 21,19.0,P3RuC18S5O9
P n n 2,34.0,Cr3H31C41(N3Cl)4
I m -3 m,229.0,Zr6Be(Cl3O4)6
I m -3 m,229.0,Zr6Mn(Cl3O4)6
P n m a,62.0,V3Fe2(CoO3)4
P n m a,62.0,PNF2
F m -3 m,225.0,NaCl
P b n m,62.0,NaC2N3
P n a 21,33.0,FeH25C19SN3O2
P b c n,60.0,Co3H20C24(NO3)4
P b c n,60.0,Cu3H20C24(NO3)4
P 21 21 21,19.0,AsXeO2F7
P 21 21 21,19.0,TlH9PtC8(SN3)2
C m c 21,36.0,CoH16C7NO11
P b c a,61.0,MnH6C8(N5Cl)2
P b c a,61.0,MnH6C8(IN5)2
P 21 21 21,19.0,AgH16C13SN4(OF)3
P b c a,61.0,H12AuC2N2Cl3O2
P 21 21 21,19.0,CSeN
P n m a,62.0,C2Se3N2
P 21 21 21,19.0,Cd2H3C9O7
P n m a,62.0,Ba2SnS3F2
P n m a,62.0,Ba2SnSe3F2
P n m a,62.0,Sr2SnSe3F2
P n a 21,33.0,CuH10C3(NCl)2
P c a 21,29.0,Cd7Te7Cl8O17
I 21 3,199.0,Li4BH10N3
I 21 3,199.0,Li4BH10N3
P m n 21,31.0,HgH13C9SI2N
P b c a,61.0,Fe2B8H12C8O7
P 21 21 21,19.0,ZnPH7C4N2O3
P 4/n :2,85.0,AgH32C36(NO)4
I 4/m,87.0,H28RuC45(N2O)2
I -4 m 2,119.0,Nb14Ne16SiO42
I -4 m 2,119.0,Nb12Ne16Ti2SiO42
P c m n,62.0,MnCrH6C8(N4O)2
P c m n,62.0,MnCrH6C8(N4O)2
P 21 21 21,19.0,MnCrH12C9(N4O)2
P 4/m m m,123.0,Co2H32PdC58(N3O4)2
P 21 21 21,19.0,SmBH18C17N6
P 41,76.0,H10AuC6Cl
P 21 21 21,19.0,V4P4H8C12O23
P c a 21,29.0,VPH6(CO2)3
C m c 21,36.0,NpH8C8N4O5
P 21 c n,33.0,BiH13C4SI5N
P 21 21 21,19.0,BiH13C4SI5N
P 21 21 21,19.0,SbH13C4SI5N
P m c 21,26.0,NaFeH14C15(N3O)3
P n n m,58.0,Er3CrS6
P 21 c a,29.0,Er2CrS4
P 42/n :2,86.0,CuH8C8BrN3
P n m a,62.0,CuH6(C2N)4
P n m a,62.0,H2C2N3
P b c a,61.0,GdH6C2NO7
I -4,82.0,MnSn4H24C8(Se5N)2
I -4,82.0,FeSn4H24C8(Se5N)2
P b c a,61.0,Ba(GaO3)2
I a -3 d,230.0,Sr3(GaO6)2
P b c a,61.0,Rb3P3H5N
P n m a,62.0,ZnH16C12N12(ClO4)2
P n m a,62.0,CdH16C12N12(ClO4)2
P 21 21 21,19.0,NiH18C8(SN3)2
P a -3,205.0,K2Re3H3C3(S2O3)2
P n m a,62.0,CeAsSe
P b c a,61.0,AgC3N3O
P 4/m b m,127.0,Eu3In15Co2
P 21 21 21,19.0,H9C6NO
P n m a,62.0,CuH5C7N3O2
P 21 21 21,19.0,CuH7C8N3O2
I -4,82.0,CuH4C7S2N
P n m a,62.0,K2Gd2As2Se9
P n m a,62.0,K2Sm2As2Se9
I 41/a m d :2,141.0,CoH10W3C10Cl9
C 2 2 21,20.0,K2AlB5O14
C 2 2 21,20.0,AlB5H16(NO7)2
I -4 2 d,122.0,ZnH6C4N3F
P b c n,60.0,SmH12C12N2ClO8
P b c n,60.0,EuH12C12N2ClO8
P b c n,60.0,TbH12C12N2ClO8
P b c n,60.0,DyH12C12N2ClO8
C m c m,63.0,InH7C4O5
P 21 21 21,19.0,ZnH20C14(IN)2
P n m a,62.0,Pr2H17C24N5O18
P n m a,62.0,Lu5Sb3
P n m a,62.0,Tm5Sb3
P n a 21,33.0,ThP2H2CO8
P 21 3,198.0,NaMnH3(CO2)3
P b c a,61.0,MnH7C7N5O2
P c a 21,29.0,CuH4C2(N2O)2
P b a m,55.0,Yb5(AlSb3)2
P n n m,58.0,Cu3H16C24(N10Cl)2
P b c a,61.0,TiH8C8(NCl)2
P 42,77.0,Cu4H38WC36S4I2N6O
P 21 21 21,19.0,Zn9(InSb3)2
P 4/n m m :2,129.0,EuMoC8N8O5
P 4/n m m :2,129.0,GdMoC8N8O5
P 4/n m m :2,129.0,TbMoC8N8O5
P 4/n m m :2,129.0,SmWC8N8O5
P 4/n m m :2,129.0,EuWC8N8O5
P 4/n m m :2,129.0,GdWC8N8O5
P 4/n m m :2,129.0,TbWC8N8O5
P 1,1.0,V2HO4
I m -3 m,229.0,V
P b a m,55.0,In2Sb4Pb4Se13
I m m m,71.0,Sc3RuC4
I m m m,71.0,Sc3OsC4
P b c a,61.0,Ag4H3C12N2(OF)9
P n m a,62.0,NaH5PbC9O7
P b c a,61.0,H4Pb(C2O)4
P b c a,61.0,TcF4
P b c a,61.0,TcCl4
P b c a,61.0,TcBr4
P 1 21/c 1,14.0,TcI4
I m m a,74.0,K3InAu5
I m m a,74.0,K3TlAu5
P m m a,51.0,Rb2TlAu3
P n m a,62.0,Ho5Ge4
I -4 2 d,122.0,KSrB(PO4)2
I -4 2 d,122.0,KBaB(PO4)2
P m n a,53.0,Ga2CuSe3O10
P 21 3,198.0,K2Cd2(SO4)3
P 21 21 2,18.0,NiBH17C8S(NF2)2
I 41/a m d :2,141.0,Cs2PbN2(ClO3)2
I 4/m c m,140.0,CsPb2Cl5
P n a 21,33.0,Na2B5H5O11
P 41,76.0,Na2CoH16(C9O5)2
P 41,76.0,Na2CoH20(C2O)10
C 2 2 21,20.0,Li2CoH12(C8O5)2
P m n 21,31.0,Li2CdGeS4
P m n 21,31.0,Li2CdSnS4
I 4/m m m,139.0,Y2US3O2
I 4/m m m,139.0,Yb2US3O2
P 21 21 21,19.0,KH16(C3N)4
P c a 21,29.0,AgBH12C13(NF)4
C m c 21,36.0,Cs4K3U3Si4O20F
P n n m,58.0,Rb6NaU3Si4O20F
I 2 2 2,23.0,VH22C8NO11
P m c 21,26.0,ZnH13C4NCl3
I m m a,74.0,Na5HoH4C12O25
P b c a,61.0,CuReH8C10(NO2)2
P b c a,61.0,H6C5N3
P 21 21 2,18.0,Mn2Ge5Te10(CN)12
P 42/m m c,131.0,CuH2C4(SN)2
P c a 21,29.0,MnH21C20N6Cl2O9
P n a 21,33.0,PH22RuC16N2ClF6
P n m a,62.0,NaH20C10S3N3O5
P 4/n :2,85.0,Sr4H16C8N16O19
P -4 3 m,215.0,Fe4As3(O4F)4
P 21 21 21,19.0,NiH18C11SN4O3
P 21 21 21,19.0,ZnH21C15(NO2)3
P a -3,205.0,AsH6C4I(NF3)2
P b c a,61.0,HPbC2SN3
P 21 21 21,19.0,ReH12C14SN2O7F3
P m n b,62.0,MnCrC9N8
P m n b,62.0,MnCrC9N8
P b c n,60.0,CaH24C16(ClO4)2
I b a m,72.0,CdH4C4N8O
P b c a,61.0,CsUPO6
P n n a,52.0,GdAg3H6C14N2O11
P n n a,52.0,TbAg3H6C14N2O11
P n n a,52.0,DyAg3H6C14N2O11
P n n a,52.0,TmAg3H6C14N2O11
P n n a,52.0,YbAg3H6C14N2O11
P 4 n c,104.0,UH12C10N5(ClO4)4
P n m a,62.0,ReH14C18N3OF10
P m m n :2,59.0,K12Sn4Au21
P c a 21,29.0,ReAg2H8C10N4O9
P b c a,61.0,ReAgH8C10(NO2)2
P n n n :2,48.0,ReAgH24C24(NO)4
P c a 21,29.0,WSF4
P n m a,62.0,H3WC2SNF4
P n m a,62.0,FeH24C24I2N2O3
P 21 21 21,19.0,FePH19C25SINO2
P 21 3,198.0,Ga4SbS9N3O2
P 21 3,198.0,Ga4Sb(S2N)5
P 21 3,198.0,Ga4Sb(S2N)5
P 21 3,198.0,Ga4SbS9N3O2
P b c m,57.0,La4Fe(SbS5)2
P b c m,57.0,La4Fe(SbSe5)2
C m c m,63.0,CsNpAgS3
C m c m,63.0,KNpCuS3
C m c m,63.0,RbNpCuS3
C m c m,63.0,CsNpCuS3
C m c m,63.0,KNpAgS3
P n a 21,33.0,UH21C21SN5O9
P m c 21,26.0,MnMoH2SeO7
P 21 21 21,19.0,Ni3Te2MoO10
P 21 21 21,19.0,H10PdC9NClO2
F d -3 m :2,227.0,Pr2Zr2O7
F m -3 m,225.0,ZrN
F d -3 m :2,227.0,Nd2Zr2O7
F m -3 m,225.0,ZrN
F d -3 m :2,227.0,Sm2Zr2O7
F m -3 m,225.0,ZrN
P 21 21 21,19.0,CoH19(C8S)2
I 4/m,87.0,Ba4Fe2S4I5
P 41,76.0,La6FeBr10
P b c n,60.0,Cu3H12(C11N4)2
P c a 21,29.0,H12C7N6O
P 21 21 21,19.0,H17C7N6O5
P 42,77.0,FeBH25(C10O)2
P 21 21 21,19.0,FeB2H25C20(OF2)2
P c a 21,29.0,NiH18C18S2(NO2)2
P b a m,55.0,LiPH12C8(SeN)4
P n m a,62.0,UH6C14(NO3)2
P n m a,62.0,TaH22C17
C m c m,63.0,CsDyCdTe3
C m c m,63.0,CsErCdTe3
C m c m,63.0,CsGdCdTe3
C m c m,63.0,CsHoCdTe3
C m c m,63.0,CsLaCdTe3
C m c m,63.0,CsLuCdTe3
C m c m,63.0,CsNdCdTe3
C m c m,63.0,CsPrCdTe3
C m c m,63.0,CsSmCdTe3
C m c m,63.0,CsTbCdTe3
C m c m,63.0,CsTmCdTe3
P 4/m m m,123.0,VH14C2N2O5
I m m m,71.0,V4C3(NO2)5
C m c m,63.0,Gd3RuO7
P 21 n b,33.0,Gd3RuO7
C m c m,63.0,Gd3RuO7
C m c m,63.0,Gd3RuO7
P 21 21 21,19.0,ZnH8C7NClO
P c a 21,29.0,FePH22C17N3O
P 21 21 21,19.0,MnPH22C9N3(O2F3)2
P n m a,62.0,Cu3H12C24S12(N3Cl2)2
F d d d :2,70.0,K(Sn3Au2)2
P m m n :2,59.0,K(SnAu)3
P 21 21 21,19.0,H18C14N2O3
P n m a,62.0,Ba4Fe3(S3F2)2
C m c m,63.0,H6PtN3Cl3O2
P 4/m b m,127.0,Ti9Fe2(B4Ru9)2
P n m a,62.0,H14IrC14NO3
I -4,82.0,CuSb2(XeF5)4
P c a 21,29.0,BH3C12XeNF17
P b c a,61.0,BC10XeN4F5
I -4,82.0,MoPH20C24S3Cl
F d d 2,43.0,Na2Fe2C4Cl2O9
P 21 21 21,19.0,H18C19N2O
P 42/m n m,136.0,AsH19AuC9(N2F3)2
P 42/m n m,136.0,As2H38Au2C15N8OF12
P 42/m m c,131.0,As2H37Au2C18N8ClF12
P n m a,62.0,PH16AuC6(N2F3)2
P n m a,62.0,AsH16AuC6(N2F3)2
P b c a,61.0,ThP2O9
P b c a,61.0,KH12IrC8(NCl)4
P m m n :2,59.0,CuPH22C14SN4(OF3)2
I 1,1.0,K5MoC7N8
P a -3,205.0,CaGaAu3
P c c n,56.0,CdH4C5N5O2
C 2 2 2,21.0,NiH13C23(NO2)2
A m m 2,38.0,La4Se3O4
A m m 2,38.0,Ce4Se3O4
A m m 2,38.0,Pr4Se3O4
A m m 2,38.0,Nd4Se3O4
A m m 2,38.0,Sm4Se3O4
P n a 21,33.0,NpP2H2CO8
P b c a,61.0,UP2H2CO7
P n a 21,33.0,UP2H2CO9
P b c a,61.0,MnH6C6(NO3)2
P 21 21 21,19.0,AlB5H14C4(NO5)2
P 21 21 21,19.0,H17C14N3O
I m m a,74.0,GaH4C13NO5
C 2 2 21,20.0,AgH24C18N4ClO4
I 4/m,87.0,AgSbH24C18(N2F3)2
I -4 m 2,119.0,Cu2Sn2H15C4(S2N)3
P 21 21 21,19.0,Cu4H16C5N9O2
P b c n,60.0,Cu2H4C4N3O
P n m a,62.0,Sm2Ti11Sb14
P 21 3,198.0,TcBi3O8
P 21 21 21,19.0,BH24PdC20N3F4
P m n 21,31.0,B10H13C3I
P 21 21 21,19.0,B5H5CI
P 41 3 2,213.0,Mg3Ru2
P 21 21 2,18.0,Ge3H14C6(NO3)2
C m c m,63.0,RbUCuS3
C m c m,63.0,CsUAgS3
C m c m,63.0,CsUAgSe3
C m c m,63.0,CsUCuS3
C m c m,63.0,KUCuS3
C m c m,63.0,RbUAgS3
C m c m,63.0,RbUAgSe3
P n m a,62.0,H6C3N4O3
P 21 21 21,19.0,ZnH25RuC8N9Cl5O2
P b c n,60.0,HgH8C7S
P b c m,57.0,NaBH22C12S6(N2O)3
P b c a,61.0,KBH8C7S6N6O
P 21 21 2,18.0,GdCu2H32C30N6Cl3O8
P m m a,51.0,BaIn4Ir
C m c 21,36.0,Ba2In13Ir4
P m c 21,26.0,CuH3C5Br(NO)2
P b c m,57.0,CuH3C5N2ClO2
P 21 21 21,19.0,Zn2P2H25C18N2ClO6
P 21 21 21,19.0,Zn2P2H25C18N2ClO6
P 21 21 21,19.0,Fe2H17C25S2NO8
P b c a,61.0,UPH8C2NO8
I -4 2 m,121.0,Cu3H8C11S2N3
P n m a,62.0,NaH12C7N3
C m c e,64.0,NaH12C7N3
P n m a,62.0,PH24RuC18S3N4Cl(OF3)2
P n a 21,33.0,NiH6C16S2N3(OF3)4
P n a 21,33.0,FeH6C16S2N3(OF3)4
P 21 21 21,19.0,ReH21C19N3ClO6
P c a 21,29.0,H13C10NO2
P 43 21 2,96.0,K10Mn4Sn4Te4CSe13O16
P n m a,62.0,Pr3RuCl3
I 21 21 21,24.0,AgBH9C9N5F4
I 21 21 21,24.0,AgBH11C10N5F4
P c a 21,29.0,B5H8C5
P b c a,61.0,C2SeN2
I 4 c m,108.0,Ga3Pb5F19
I 4 c m,108.0,Ga3Pb5F19
P 21 21 21,19.0,CoH16C5O9
P 4/n m m :2,129.0,Ce2Ga9CoGe2
P 4/n m m :2,129.0,Sm2Ga9NiGe2
P n m a,62.0,InAsH8C5I3
P n m a,62.0,InPH8C5I3
P 1 21/n 1,14.0,MnH19C20N9Cl4
P 1 21/n 1,14.0,FeH19C20N9Cl4
P 21 21 21,19.0,ZnH5C3SNO2
P 21 21 21,19.0,CdH5C3SNO2
P m m a,51.0,Sr3Li6Ta2O11
P m m a,51.0,Sr3Li6Nb2O11
P 21 21 21,19.0,V2CuH16C12(N2O3)2
P m n 21,31.0,NiPH4(C3O2)2
P n m a,62.0,K3H20C22Br3O5
P 4/n c c :2,130.0,H6Pt(CS)4
I 4,79.0,H22Pt(C7S2)2
C 1 c 1,9.0,TiH18C14N2(ClO)2
P b c a,61.0,AsH5C7S3(N2F3)2
P n a 21,33.0,CsGeB3O7
I 41/a :2,88.0,Na3BP4PbO16
P a -3,205.0,Li(BH)6
P 21 21 21,19.0,GaH4C6S2NCl4
P 21 21 2,18.0,MnH12C14N2O9
P b c a,61.0,KHSO4
B b c m,64.0,KHSO4
P n m a,62.0,H16C13N2O3
P 21 21 21,19.0,CoCuH22C7SN5Cl3O2
P 21 21 21,19.0,CoCuH22C7SN5Cl3O2
P n m a,62.0,TaH25C18
P n a 21,33.0,TcH5C9NO4
P 43 2 2,95.0,Rb2Nb2Si2O11
I m m m,71.0,U3O11
P b c n,60.0,Sr7GeN6
P b c n,60.0,Ca7GeN6
C m c m,63.0,GaH4C8O5
P 21 21 21,19.0,CdPH11C7(NO2)2
I -4,82.0,MnSn4H24C8(Se5N)2
P 21 3,198.0,CuH21C10N3ClO5
P b a n :2,50.0,Tl2TeO3
P b a n :2,50.0,Tl2TeO3
P b a n :2,50.0,Tl2TeO3
P 41 21 2,92.0,CuH8C12N5
P 21 21 21,19.0,NbSi2H23C14F
P b n m,62.0,NbSi2H23C14IBr
P c a 21,29.0,H8PtC12(NCl)2
I 41/a :2,88.0,Gd3H20C24(NO3)8
I 41/a :2,88.0,Dy3H20C24(NO3)8
I 41/a :2,88.0,Er3H20C24(NO3)8
I 41/a :2,88.0,Sm3H20C24(NO3)8
I 41/a :2,88.0,Y3H20C24(NO3)8
P b c m,57.0,CeNiSb3
P b c m,57.0,LaNiSb3
P n m a,62.0,CuH5C5N3O5
I -4 3 m,217.0,Zn8Cu5
P 21 21 21,19.0,H11RuC16SN4Cl2O4F3
I 2 c m,46.0,ScAgSn
I m -3,204.0,Fe4H12C15O31
I m -3,204.0,Al4H12C15O31
I m -3,204.0,Ga4H12C15O31
I m -3,204.0,In4H12C15O31
P b a m,55.0,CsVOF3
P b a m,55.0,RbVOF3
P n n m,58.0,AlH3
P 21 21 21,19.0,H21RuC13S2NCl2
P n m a,62.0,H25RuC15S2NCl2
P 21 21 21,19.0,SnH14C14SCl2
P 21 21 21,19.0,CdCoH21C10S4(N2O)4
P n c a,60.0,FeH8C16S8(Br2O)4
P n c a,60.0,FeH8C16S8Br4(ClO)4
P n c a,60.0,GaC16S8(Br2O)4
P n c a,60.0,GaH8C16S8Br4(ClO)4
P b a m,55.0,FeH6C4(NCl)2
P b a m,55.0,MnH6C4(NCl)2
P n m a,62.0,H21AuC20N3Cl5
P 21 21 2,18.0,Cu6NiH22C38(SN7)2
P 21 21 2,18.0,CoCu6H22C38(SN7)2
P 21 21 21,19.0,ReH19C10S(NO5)2
P 42/n :2,86.0,Tm3Sb
P 42 n m,102.0,Zn2H10C3S2NO8
P 21 21 21,19.0,FeH23C17(N3O2)2
P m m a,51.0,Mo3H36C25N5(Cl7O3)2
I 2 2 2,23.0,VH8C10N2F3
P n m a,62.0,VH8N2F5
P 4/n c c :2,130.0,VH10C2N2F5
P b c n,60.0,UI4O15
P c a 21,29.0,H19RuC21N6ClO3
P n n a,52.0,PH4C6NClO
P n m a,62.0,Mo3H14C6N2O11
C m c m,63.0,LaPb6BrO7
C m c a,64.0,P
P b c a,61.0,ZnH6(C2N3)2
P n m a,62.0,Zn2H6C6N9O4
P n m a,62.0,Zn2H3C2SN3O5
P n m a,62.0,Cd2H6C4N6Cl2O
P n m a,62.0,Cd2H6C6IN9
P 43,78.0,AgBH13C15(N2F3)3
P m c n,62.0,Ce2Ni7
P 21 21 21,19.0,Li2Ce5Sn7
P 21 21 21,19.0,MnSn3H23C8Se7N5
P 21 21 21,19.0,H15C17NO3
P 21 21 21,19.0,ReH18C24N6ClO7
P n a 21,33.0,K5In3(SiO3)7
C m c a,64.0,BaCaSn3
C m c a,64.0,BaYbSn3
C 2 2 21,20.0,K2GaB5(H4O7)2
P 21 21 21,19.0,FeH22C24S2N4(OF)6
P n m a,62.0,Al2B3HO8
C m c m,63.0,SmGa4Co
P 4/m m m,123.0,Sm4Ga16Co3
P n m a,62.0,Ba(AlSi)2
P n m a,62.0,Ba(AlSi)2
P n m a,62.0,Ba(AlSi)2
P b c n,60.0,Ca2UO17
P c c a,54.0,K6U2O21
P n a 21,33.0,FeH20C14N5ClO3
P n m a,62.0,CoPH4(C3O2)2
P n m a,62.0,Ba(InAu)2
P n m a,62.0,Sr(InAu)2
P 42/n :2,86.0,Np(IO3)4
P 42/n :2,86.0,Pu(IO3)4
P m -3 m,221.0,Na3N
P n m a,62.0,MgH18(C8O)2
C m m a,67.0,PH6NO2
P b c n,60.0,H16Pt(C6N)4
P 41 21 2,92.0,ZnH12C12S(NCl)2
P 21 c n,33.0,Hg2H12C12S(NCl2)2
C m c a,64.0,ZnH5C12O7F12
P 4/n c c :2,130.0,GdCuH22C12N16ClO13
P 4/n c c :2,130.0,NdCuH22C12N16ClO13
P n a 21,33.0,Zn5P4H16C4N2O17
P 41 21 2,92.0,MnH10C12(NO2)2
P 41 21 2,92.0,CoH10C12(NO2)2
P 21 21 21,19.0,ReH20C10Br2(NO2)3
C m c m,63.0,ReC10Br3N2O3
P n m a,62.0,SmSbH16C6S4N6O
C m c m,63.0,U2H21C14I8N7
P 43,78.0,NbCdH24C20N8OF5
I 41/a :2,88.0,CsB(CN)4
P -4 3 m,215.0,CuB(CN)4
P -4 3 m,215.0,LiB(CN)4
F d -3 m :2,227.0,NaB(CN)4
P n m a,62.0,NaBH8C8N4O
I 41/a :2,88.0,BH4C4N5
P n m a,62.0,BH12C8N5O
I 41/a :2,88.0,RbB(CN)4
I 41/a :2,88.0,TlB(CN)4
P -4 21 c,114.0,K(HC)5
P -4 21 c,114.0,K(HC)5
P -4 21 c,114.0,K(HC)5
P -4 21 c,114.0,K(HC)5
P -4 21 c,114.0,K(HC)5
P -4 21 c,114.0,K(HC)5
P -4 21 c,114.0,K(HC)5
P -4 21 c,114.0,K(HC)5
P -4 21 c,114.0,K(HC)5
P -4 21 c,114.0,K(HC)5
P n a 21,33.0,Pr2H16C14SN2O19
I -4,82.0,VAg3HgO4
I -4 2 d,122.0,V2Ag3Hg3O8
P c a b,61.0,CoH4C8(NO)6
P c a b,61.0,ZnH4C8(NO)6
P b c a,61.0,CuH12C10S2N4(OF)6
P b c a,61.0,CdB2F8
I 4/m,87.0,H28RuC44(N2O)2
P b c a,61.0,UH11C3S2(NO5)2
P m n 21,31.0,CuB2H18C18(NF2)4
P m n 21,31.0,CuB2H12C16N4ClF8
P b c a,61.0,Cu2H6C10BrN4O5
P a -3,205.0,CuH3C3S3N3Cl
P a -3,205.0,CuH3C3S3BrN3
P a -3,205.0,CuH3C3S3IN3
P b c a,61.0,ThV2TeO12
P n m a,62.0,NaZnP2H11CCl2O11
P n m a,62.0,Eu3InP3
C m c a,64.0,TlC3N3O
I 41/a :2,88.0,KTl(CN)4
C m c m,63.0,Tb4FeGe8
P 21 21 21,19.0,SnH20(C8N)2
P n m a,62.0,Sr2MnSb2
P 21 21 21,19.0,CuH20C22(NO2)4
P b c a,61.0,TeSeS(NCl)2
P b c a,61.0,TeH12C9N4
P n m a,62.0,CrH8C7I2N
P b c a,61.0,FeP2H7C2O7
P 21 21 2,18.0,V3H24C12ClO16
P b c a,61.0,ZnH2(CN4)2
P n n m,58.0,Eu3(InP2)2
P c c 2,27.0,SrH22C14(NO3)4
C m c m,63.0,Li6Eu5Sn9
C m c m,63.0,Li5Ca7Sn11
P c a 21,29.0,H24PdC24N3ClO2
P 21 21 21,19.0,CoH22C14N2O11
P n n 2,34.0,H22PdC22N2O3
I 4/m,87.0,CuH40(C8N7)2
P 41 21 2,92.0,CuH18C24N8O3
P 21 21 21,19.0,CuH18C24N8ClO7
P 41 21 2,92.0,CuH20C24N8(ClO6)2
C m c m,63.0,KThCuS3
P b c n,60.0,K3Th2Cu3S7
P 21 21 21,19.0,H18RuC12(N2Cl)3
P 4/n m m :2,129.0,Li2Y5In9
P 42/n :2,86.0,CoH28Ru2C28(NO)16
P n a 21,33.0,H19PtC12(NO)3
P 43 21 2,96.0,CuReAgH6C10(NO2)4
P m n 21,31.0,AlP3(NCl3)3
F d -3 m :2,227.0,Na3In2Au
P n m a,62.0,ZnPH9C9(NO2)2
C m c m,63.0,Sm3RuO7
P 21 n b,33.0,Sm3RuO7
C m c m,63.0,Eu3RuO7
P 21 n b,33.0,Eu3RuO7
P b c n,60.0,SmH7C14(NO4)2
P b c n,60.0,EuH7C14(NO4)2
P b c n,60.0,GdH7C14(NO4)2
I -4,82.0,ZnH20C22N8(ClO5)2
P m n 21,31.0,Ga4HCl6
P c a 21,29.0,ZnH17C21(NO)5
P 4/m,83.0,U2C64I7N8
F -4 3 m,216.0,KBiPb
P c c n,56.0,H10PtC6(NCl)2
P c c n,56.0,H10PtC6(NCl)2
P 21 21 21,19.0,SiH21C10NO3
P n a 21,33.0,FeH18C22N2O
P n m a,62.0,TlBH9C13(N2F3)3
P n a 21,33.0,H7C8S2I2N
C m c 21,36.0,Ba(FeO2)2
I m -3 m,229.0,V
P 21 21 21,19.0,NiH24C11S2N4O7
P 21 21 21,19.0,MnH23C21N5ClO6
P n m n,58.0,MnH8C6(N2O)4
P b c a,61.0,CuB2P2(HO2)6
C m c e,64.0,CuH18(C7N8)2
I b a m,72.0,Fe
P c c n,56.0,FeAg2H8(C3N2)4
P c c n,56.0,FeAg2H8(C3N2)4
C m c m,63.0,La2(ZnGe2)3
C m c m,63.0,Ce2(ZnGe2)3
C m c m,63.0,Nd2(ZnGe2)3
C m c m,63.0,Pr2(ZnGe2)3
I 4 m m,107.0,Ta4S9Br8
C m c m,63.0,BaZnSO
P n m a,62.0,NdSbH16C6S4N6O
P n m a,62.0,AsH8C8S2Cl
I 4/m m m,139.0,Cu4W(SCl)4
P 43 21 2,96.0,MnH6C5(SO)2
P n a 21,33.0,H5C7N
P 21 21 21,19.0,H18C24S(N2O)3
P n m a,62.0,CuH8C13SN5
P m n 21,31.0,CuH6C15SN7
P 21 21 21,19.0,RbSmGeSe4
P 21 21 21,19.0,CsSmGeSe4
P b a m,55.0,Fe3BMoH20C21S4Br2N7O
P 21 21 21,19.0,V3CoH24C6(N3O5)2
P b a m,55.0,MgAs2(XeF8)2
P 21 21 21,19.0,MgAs2(XeF5)4
P b c a,61.0,H6C6N
P c a b,61.0,NiH6C8(N2O3)2
I 41/a m d :2,141.0,NiH6C8(N2O)2
P 21 21 21,19.0,CoH20C11Br(NO)4
P 1 21/c 1,14.0,AgH21C19N9O4
P 21 21 21,19.0,CuH8C12S2N4O7
P b c a,61.0,BaNbTePO8
P m -3 m,221.0,H4NCl
P b c a,61.0,AgH11(C2N)4
P n a 21,33.0,Cu2H16C24(N4O)5
P 21 21 21,19.0,CuH8C12S(NO2)4
P 21 21 21,19.0,CdAs2(XeF5)4
P n m a,62.0,CuH17C19N3O2
I m m m,71.0,DyNiGe2
I m m m,71.0,ErNiGe2
I m m m,71.0,YbNiGe2
I m m m,71.0,LuNiGe2
P n a 21,33.0,CoH22C9N4Cl3O2
P 21 21 21,19.0,CuH22C9N4(ClO4)2
P 21 21 21,19.0,ZnPH9C4(NO3)2
P n m a,62.0,H8C6N3Cl
P 42/m b c,135.0,SeO2
I 41/a m d :2,141.0,Na2MoC3SeN3
P n a 21,33.0,ZnH3C7NO4
P b c a,61.0,PdSe2
P b c a,61.0,H12C9N2O
P a -3,205.0,KInSnSe4
P 21 21 21,19.0,PH8C6NO5
P 21 21 21,19.0,ZnCoH22C5N5Cl4
F m -3 m,225.0,NaMnCr(CN)6
I m m m,71.0,Cs(USe3)2
C m c 21,36.0,Cs2P4Pd3O14
P 4/n :2,85.0,Cs2As4Pd3O14
C c c 2,37.0,Mn2Ni2H10C16S7O6
P n m a,62.0,MnNiH9C10S2O3
P n m a,62.0,Ni3H16C4S3N2(O7F)2
P b c m,57.0,Ni3H18C6S3N2(O7F)2
P 41,76.0,Ni2H14C4SN2O5F4
P 4/n :2,85.0,CrH40PtC24S4N4Cl
P 4/n :2,85.0,LiCrH44PtC32S4N8ClO4
P 21 21 21,19.0,H17RuC21N5Cl2O5
P c a 21,29.0,KPSe6
P c a 21,29.0,RbPSe6
P c a 21,29.0,CdH24C12(S2N)2
I 4/m m m,139.0,MnH12N2(Cl2O)2
P n a 21,33.0,CuH14C14N3ClO8
P b c a,61.0,CsVSO6
P 21 21 21,19.0,AgBH4C6(NF)4
P b c a,61.0,Na2NiH8C8Se4(N2O)2
P n 21 a,33.0,CuH24C10(Br2N)2
P 21 21 2,18.0,H9AuC5S2O
P b c n,60.0,K2Ag6Sn3S10
C m c a,64.0,BaSiN2
P b c a,61.0,CaSiN2
P 21 21 21,19.0,H12RuC18N5ClO3
P n a 21,33.0,CuH13C15N4ClO2
P n a 21,33.0,H14C15(N2O)2
C m c m,63.0,Sm3RuO7
P 21 n b,33.0,Sm3RuO7
C m c m,63.0,Eu3RuO7
P 21 n b,33.0,Eu3RuO7
P -4 n 2,118.0,BH20Pb(C2N)8
C m c a,64.0,Mo2P2H4C2N2O11
C m c a,64.0,KMo2P2H4(CO6)2
P c 21 n,33.0,CoH18C12S3(IN3)2
P 21 21 21,19.0,VH20C20N2O5
P n m a,62.0,Cu2ReH10C10(N2O5)2
P -4 c 2,116.0,Ag4P4H49C49N24(ClF8)3
P b c a,61.0,H12PbC4(SN)2
C m c 21,36.0,Au2Se3O10
F d -3 m :2,227.0,LiEu2CI3N2
P b c a,61.0,H8PtC10(N2Cl)2
F d -3 m :2,227.0,Ti2CuS4
I m m m,71.0,Ba2Bi3
I m m m,71.0,Ba2BiSb2
P 4/m m m,123.0,CuH6C11N(OF)4
P 21 21 21,19.0,Mo3C5S(NO7)2
P b a m,55.0,Sr4Sn2Se9
P 21 21 2,18.0,Sr2SnSe5
P c 21 b,29.0,H4Ru3C11NO8
F d d 2,43.0,Fe2C6N2Cl2O11
F d d 2,43.0,Fe2C4Cl2O9
F d d 2,43.0,Fe2C8N2Cl2O11
P b c n,60.0,Cu2P2C12O7
P b c n,60.0,P2H12C12O7
F m -3 m,225.0,Li2O
P b c m,57.0,VH12C8N5Cl2O
P b c n,60.0,V2H20C8Cl4O7
P n m a,62.0,H14RuBr3(N3O)2
P 21 21 21,19.0,PH23C9BrN5
P c c n,56.0,H20C11N2
C m c m,63.0,LiB2H8C2NOF6
C m c m,63.0,CsLaZnTe3
C m c m,63.0,CsPrZnTe3
C m c m,63.0,CsNdZnTe3
C m c m,63.0,CsSmZnTe3
C m c m,63.0,CsGdZnTe3
C m c m,63.0,CsDyZnTe3
C m c m,63.0,CsTbZnTe3
C m c m,63.0,CsHoZnTe3
C m c m,63.0,CsErZnTe3
C m c m,63.0,CsTmZnTe3
C m c m,63.0,CsYZnTe3
P n a 21,33.0,Cr2H48C48N14O27
P n m a,62.0,MoH21C14SN4ClO2
P 21 21 21,19.0,ReH13C9(NO4)2
I a -3 d,230.0,Er3Al5O12
I a -3 d,230.0,Er3Al5O12
I a -3 d,230.0,Y3Al5O12
I a -3 d,230.0,Y3Al5O12
I a -3 d,230.0,Yb3Al5O12
I a -3 d,230.0,Yb3Al5O12
P 21 21 21,19.0,H8C3(N2O)3
P n a 21,33.0,Ta4Se9I8
I b a m,72.0,Hg2PO3F
P b c n,60.0,H16PbC4Br4(NO)2
I 4/m,87.0,H24RuC14N6Cl
I 4/m,87.0,H24RuC14N6Cl
I 4/m,87.0,H24RuC14N6Cl
I 4/m,87.0,H24RuC14N6Cl
P b c m,57.0,Ni3H6(SO6)2
P 43 21 2,96.0,UH12(C3O4)2
P b c n,60.0,H10Rh2C20Se(O5F6)2
P b c a,61.0,RbH8C7NO3
P b c n,60.0,Cu3H8C10S8Br4O
P 2 21 21,18.0,UH16C5S2N2O11
P 21 21 21,19.0,UH14C4S2(NO5)2
P n a 21,33.0,Sb2OsC4(OF3)4
P -4 n 2,118.0,SbIrC2(OF3)2
P n m a,62.0,Sb3H2IrC3O3F20
I 4/m m m,139.0,Sm(GaPd)2
P c c n,56.0,H11C6NO2
P c c n,56.0,Ag3H20C22S4N4(ClO4)3
P b c n,60.0,AgH8C7SN2O3
P n a 21,33.0,VH17C10(NO3)2
P 21 21 21,19.0,H14PtC6N4Cl4O
I m m m,71.0,H16PtC4(NCl3)2
P n a 21,33.0,CuH25C18(N2O5)2
P n a m,62.0,MnPH20C16N3(OF2)3
I m m m,71.0,Sr3In11
P n m a,62.0,RbNb3VCl11
P n m a,62.0,Nb3TlVCl11
P 21 21 21,19.0,ZnH9C10N5O2
P 21 21 21,19.0,CdH9C10N5O3
P 21 m a,26.0,NiBH22C15N6Cl
P 21 21 21,19.0,PH15AuC16N2Cl
I 4/m m m,139.0,TaAl3
P n m a,62.0,Gd5Ge4
C m c m,63.0,SrSn4
F m -3 m,225.0,MnNb6H24C14(N2Cl3)4
P b c m,57.0,H8PtC12(SN2)2
P 21 21 21,19.0,H8PtC12(SN2)2
P 21 21 21,19.0,CuBH15C18N5F12
P 4 n c,104.0,H36Rh2C46N8Cl5F4
P n a 21,33.0,MnH16C18SN3O2
P n a 21,33.0,AgH6C5N7O3
P n m a,62.0,H12RuSN4(ClO)2
P n m a,62.0,BH12RuSN4Cl(OF2)2
P n n m,58.0,AgH12C15SN4O4F3
P b c n,60.0,VH8C3Se2NO8
P n n 2,34.0,Cu3H34C41(N3Cl)4
P n n 2,34.0,Cu3H34C41(N3Cl)4
P 21 21 21,19.0,NiH22C12N4(ClO2)2
P b c n,60.0,AgH8C10S(NO)3
P n a 21,33.0,Cs5Cu5P6(ClO7)3
P b c n,60.0,MoH9C10SNO2
C m c m,63.0,V2CoC2NO8
P b c m,57.0,CuH33C31SN5O8
P 21 21 21,19.0,PH20C20SN2(OF)3
P m m a,51.0,BaYFe2O5
P m m a,51.0,Fe
F m -3 m,225.0,Al
F m -3 m,225.0,Cu
P m m a,51.0,BaYFe2O5
P m m a,51.0,Fe
F m -3 m,225.0,Al
F m -3 m,225.0,Cu
P m m a,51.0,BaYFe2O5
P m m a,51.0,Fe
F m -3 m,225.0,Al
F m -3 m,225.0,Cu
P m m m,47.0,BaYFe2O5
P m m m,47.0,Fe
F m -3 m,225.0,Al
P m m m,47.0,BaYFe2O5
P m m m,47.0,Fe
F m -3 m,225.0,Al
P b a m,55.0,RbCO2
P b a m,55.0,KCO2
P n a 21,33.0,ZrB2(H11C6)2
F m m 2,42.0,TiBH16C11
P 21 21 21,19.0,MnH14C14SN9O2
P c a 21,29.0,Mn2MoH12C13N8O3
P c a 21,29.0,CrH15C9N6O
P n m a,62.0,CoH15(C3N2)3
P m c 21,26.0,Cs2SnAs2S9
C m c a,64.0,SnC5(I2N)2
P m n 21,31.0,Cs4KYbSi(WO4)11
P 21 21 21,19.0,KGe2BO6
C m c m,63.0,AlP2H10CN2O6F
P n m a,62.0,AlP2C5NO6F
P 21 21 21,19.0,CuH3C4(IN)2
P b a 2,32.0,KUVIO10
P 4/m n c,128.0,ReH8(I3N)2
P m m n :2,59.0,Cu4H20C18N4O23
I m m 2,44.0,CoH8C6N2O5
P b c m,57.0,AgH3(C3N2)2
P n m a,62.0,AgH12C10N7
C m c m,63.0,U2Ni2O11F12
P 21 21 21,19.0,TcH20C15N4ClO6
P b c a,61.0,PH12C4F
I 41/a :2,88.0,PH20C4O4F
P 21 21 21,19.0,B6H10C2SBr
P 21 21 21,19.0,AgH12C15N6ClO4
I m m m,71.0,TiTeAs
P b c n,60.0,FeH12C17N5(ClO)2
P n m a,62.0,MnMoH15C16(SO3)2
C m m m,65.0,La2CN3Cl
C m m m,65.0,Ce2CN3Cl
P 21 21 21,19.0,CuH16C12N4Cl2O11
P 21 21 2,18.0,H10PtC7(NCl)2
P 42/n :2,86.0,H20PtC10N4(Cl2O)2
P n a 21,33.0,NpIO5
P n a m,62.0,CuH24Au2(C4N3)4
P n m a,62.0,TiH12Ir2C15S2I2(ClO3)2
C m c m,63.0,CsYCdSe3
C m c m,63.0,CsCeCdSe3
C m c m,63.0,CsPrCdSe3
C m c m,63.0,CsSmCdSe3
C m c m,63.0,CsGdCdSe3
C m c m,63.0,CsTbCdSe3
C m c m,63.0,CsDyCdSe3
C m c m,63.0,CsYHgSe3
C m c m,63.0,CsLaHgSe3
C m c m,63.0,CsCeHgSe3
C m c m,63.0,CsPrHgSe3
C m c m,63.0,CsNdHgSe3
C m c m,63.0,CsSmHgSe3
C m c m,63.0,CsGdHgSe3
C m c m,63.0,CsSmHgSe3
C m c m,63.0,CsGdHgSe3
P n n m,58.0,Ni8Bi8SI2
I -4 2 d,122.0,ZnH8(C6N5)2
P b c a,61.0,ZnH5C6N5O2
P -4 21 c,114.0,PH12C3N3O
P 4 b m,100.0,Ba2MnSi2ClO7
P n m a,62.0,Fe2H24C17S2(NO2)2
P n m a,62.0,LiClO4
C m c m,63.0,SrTl2Pd
P 41,76.0,CuH9C6NO5
P -4 21 c,114.0,CuH6C5NO5
P n n m,58.0,CoH4C8(N4O)2
P 21 21 21,19.0,KH21C14O
P n m a,62.0,CuH18PtC10N8(ClO6)2
P 21 21 21,19.0,CuH13C9N2ClO7
P n n m,58.0,ZnBH7C17(NF3)6
P -4 3 m,215.0,K10Mn4Sn4S17
P n a 21,33.0,NpI2O9
P c a n,60.0,NpI2O9
P b c a,61.0,CuH11C11SNO4
P b c n,60.0,Cu2H24C20S2N2O11
P n m a,62.0,U2H17C8Se4N2O19
P 21 21 21,19.0,H24C25N4
P n m a,62.0,Mg2MoH21C14SN4Cl
P 21 21 21,19.0,K2ZrGe3O10
P 21 3,198.0,H21C18I3N4
P b c n,60.0,CuH15C17N2O5F12
P b c n,60.0,NiH6(C3N2)2
P 21 21 21,19.0,Mn2Mo2H10C17Se4O7
P b c a,61.0,KVH10C9S2(NO2)2
P b a m,55.0,H18Pd3(C11N7)2
I 4/m m m,139.0,YGa3NiGe
I 4/m m m,139.0,YGa3CoGe
P n a 21,33.0,MnH21C18N4(ClO)2
P n m a,62.0,Ag3H12C16S2N8Cl3O14
I m -3 m,229.0,Y4Ga12Fe
I m -3 m,229.0,Tb4Ga12Fe
I m -3 m,229.0,Dy4Ga12Fe
I m -3 m,229.0,Ho4Ga12Fe
I m -3 m,229.0,Er4Ga12Fe
P b c a,61.0,MgP(CO5)2
P b c a,61.0,MgP(CO3)2
P b c a,61.0,NaMgP(CO3)2
P b c a,61.0,ZnP(CO4)2
P b c a,61.0,ZnP(CO5)2
P n a 21,33.0,KZnP(CO3)2
P n m a,62.0,GeAsH8C5Cl2
P c 21 n,33.0,FeH20C21(SN3)2
P c 21 n,33.0,FeH20C21(SN3)2
P n m a,62.0,SmPH14C9NClO7
P n m a,62.0,EuPH14C9NClO7
P n m a,62.0,GdPH14C9NClO7
P n m a,62.0,TbPH14C9NClO7
P n m a,62.0,DyPH14C9NClO7
P n m a,62.0,ErPH14C9NClO7
P n m a,62.0,SnH18C16(ClO)2
P 41 21 2,92.0,Li4Zn4H24C45(NO14)2
P 41 21 2,92.0,LiZnH3C9O7
P 41 21 2,92.0,LiZnH3(C3O2)3
P 43 21 2,96.0,LiZnH3(C3O2)3
P 41 21 2,92.0,LiZnH3(C3O2)3
P 41 21 2,92.0,LiZnH3(C3O2)3
I 4/m,87.0,K3Ag9(SbS3)4
I 4/m,87.0,Rb3Ag9(SbS3)4
I 4/m,87.0,Cs3Ag9(SbS3)4
P n m a,62.0,H17RuC20N5O4
I -4 2 m,121.0,K23(Sn3Au4)3
F m -3 m,225.0,CsMn(CN)3
P n n a,52.0,Zn5H4(C4O5)5
P n m a,62.0,FeH13C17N2(ClO)4
P m n a,53.0,CuH4C4(N2O3)2
P 42,77.0,P2H47IrC24
P 21 21 21,19.0,H11C19S6N2Cl3
P -4 21 c,114.0,Eu2H24C14S2O19
P -4 21 c,114.0,Gd2H24C14S2O19
P -4 21 c,114.0,TbH11C7SO9
C c c b :1,68.0,ThUH8(C2O5)4
P n m a,62.0,Mo2P2O11
P c a 21,29.0,UH19C20SN3O5
P n m a,62.0,UH19C18N3O4
C m m m,65.0,Al5C2N6F17
P b c m,57.0,MoH8C24N(Cl4O3)2
P n m a,62.0,CsFeBP3O11
P m m a,51.0,La2U2Se9
I 4/m,87.0,H20RuC12N6Cl
I 4/m,87.0,H20RuC12N6Cl
I 4/m,87.0,H16RuC10N6Cl
I 4/m,87.0,H16RuC10N6Cl
I 4/m,87.0,H16RuC10N6Cl
P n m a,62.0,SiH12C13(NCl)2
P 21 3,198.0,KMgBO3
P 4/m m m,123.0,LaAl2BRu2
F d d d :2,70.0,UAsC2N2(O2F)2
P n m a,62.0,ZnSb2Cl2O3
P c c a,54.0,P2O3F4
I -4,82.0,PCN(OF)2
P n a 21,33.0,Fe5NiH3C18NO15
P n a 21,33.0,Fe5NiH3C16NO15
P n m a,62.0,Os2Xe(O3F5)2
P 42/n :2,86.0,OsXeO3F8
P n m a,62.0,OsXe2O3F14
P b c a,61.0,PuP2H4CO7
I m 2 a,46.0,H18PtC19(NCl2)2
P 21 21 21,19.0,H19RuC14N3Cl2
P n n m,58.0,Cs5(P2Se5)2
P m -3 m,221.0,Y(BH4)3
P 42/n n m :2,134.0,Ni2H16C14N4O13
P 21 21 21,19.0,Na2MoH2O3F4
P n a 21,33.0,H19C20S3N3(O4F3)2
C m c m,63.0,CoH16C22N2(OF3)4
P n m a,62.0,Mo(OF)2
I m -3,204.0,Ca13(Ge11Au25)2
P m n a,53.0,CoH8C17N2O3F4
P m n a,53.0,ZnH8C17N2O3F4
P 21 21 21,19.0,H9C4NO3
P 4/n m m :2,129.0,Cs5V5FeCl6O13
P c a 21,29.0,B2PH20C5N
I b a m,72.0,Ba2ZnAs2
I b a m,72.0,Ba2ZnSb2
I b a m,72.0,Ba2ZnBi2
C 2 2 2,21.0,CrP4H24C13Br2N
C 2 2 2,21.0,CrP4H12C15I2NO2
F m -3 m,225.0,RbBH4
P 4/n m m :2,129.0,RbBH4
C 2 2 2,21.0,RbBH4
I -4 2 m,121.0,RbBH4
P n m a,62.0,H9OsC6N3O3F2
P n m a,62.0,TmH2ClO2
P n m a,62.0,YbH2ClO2
P n m a,62.0,LuH2ClO2
P 21 n b,33.0,H6C7N2
P 21 21 21,19.0,BC13Se(NF)2
P 21 21 21,19.0,Sb(HC)21
P n m a,62.0,ReP2H25C12N4(OF4)3
P m -3 n,223.0,Na4Si23
P m -3 n,223.0,Na4Si23
P m -3 n,223.0,Na4Si23
P m -3 n,223.0,Na4Si23
P 21 21 21,19.0,VH12C15NO7
P 21 21 21,19.0,H14PtC6I2(NO)2
P 43 21 2,96.0,ZnPH24C14N4ClF6
P b c n,60.0,FeH24C14IN4
P c a 21,29.0,FeP3H9C12N3F5
P n m a,62.0,V3Pb2Se5O18
C m c a,64.0,TbH10WC10N9O4
P 21 21 21,19.0,CoH23C15N3Cl
P c a 21,29.0,MoSF4
P n m a,62.0,SiB5(H3C)4
I 4/m,87.0,FeH28C44N4Cl
P 4/n :2,85.0,DyH24C8N12O25
P c a 21,29.0,Fe2H10C11(SO3)2
P n m a,62.0,BaBSbS4
F m -3 c,226.0,K4Cu8(GeS4)3
P n a 21,33.0,AsClOF8
P c c n,56.0,GaH22C12N4ClO10
P n m a,62.0,PH18C6NF4
C m m m,65.0,SbN2F7
I m -3,204.0,CaCu3(PtO3)4
P -4 c 2,116.0,CoH30C24N4O5F2
P n m a,62.0,H14AuC7SN2O5F3
P n m a,62.0,PH14AuC6N2(OF3)2
P n m a,62.0,H14AuC8N2O4F3
P n m a,62.0,H14AuC6N2ClO6
P n m a,62.0,H14AuC6I(NO)2
P n n m,58.0,KHC5(SO2)2
P n n m,58.0,RbHC5(SO2)2
P 21 21 21,19.0,H10Os(C4O)4
A m a 2,40.0,U2Ag(GeO6)2
P n m a,62.0,U3Ag2(GeO8)2
P n m a,62.0,CrPH5CO5
P c a 21,29.0,TeH11C16Br3
P c a 21,29.0,TeH11C16IBr2
P b c n,60.0,Li4U(H10O9)2
I b a m,72.0,Mn2H5WC10N8O5
I b a m,72.0,Mn2MoH5C10N8O5
I b a m,72.0,Mn2H7WC11N8O5
I b a m,72.0,Mn2MoH7C11N8O5
C 2 2 21,20.0,NaYH16(C3O2)6
C 2 2 21,20.0,NaYH12(CO)12
P 42/n :2,86.0,AgH6C6S2O5
P 43 21 2,96.0,Ag3H16C16(N5O4)3
I b a 2,45.0,PH10AuC4(SeO)2
I m m m,71.0,Cs(NpSe3)2
I m m m,71.0,Cs(ThSe3)2
I m m m,71.0,Rb(USe3)2
I m m m,71.0,U2TlSe6
I 4/m m m,139.0,XeF2
P 21 21 21,19.0,Bi2XeF12
P n m a,62.0,NaMnVO4
A b a 2,41.0,CoH3C5N9O
I m m m,71.0,K(NpSe3)2
P b c m,57.0,UC4(NO4)2
P 21 21 21,19.0,CrH9C9NO7
P 21 21 21,19.0,CrH9C9NO7
P 21 21 21,19.0,H9WC9NO7
P n m a,62.0,BiH10C8Se2Cl3
P -4 21 m,113.0,Cu2H39C17N14(ClO4)3
P 42/m,84.0,Cs5As(PSe3)4
P 42/m,84.0,Cs5As(PS3)4
P n m a,62.0,Cd6H18C16N24Cl4O
P 21 21 21,19.0,CuBH18C15S(N2F)4
P 21 21 21,19.0,H7C14N(OF2)4
P c a 21,29.0,PH8C8NO4
A b a 2,41.0,K4P2H18C16N2O11
P b c n,60.0,Cu2H14C8O15
P 21 21 21,19.0,H14C15N4
F m m m,69.0,Eu2Ge3Au
P b c a,61.0,Pd(IO3)2
P n m a,62.0,CN6O
P 21 21 21,19.0,AgH6C6N3O4
P n m a,62.0,Cs3TbSi8O21
F d d 2,43.0,AgH6C5N3O2
P 43 2 2,95.0,YH3C9O7
P 43 2 2,95.0,TbH3C9O7
P 43 2 2,95.0,DyH3C9O7
P 41 2 2,91.0,ErH3C9O7
P 43 2 2,95.0,YbH3C9O7
I -4 3 d,220.0,Ca3Bi(PO4)3
I -4 3 d,220.0,Cd3Bi(PO4)3
I -4 3 d,220.0,BiP3(PbO4)3
I -4 3 d,220.0,Sr3Bi(PO4)3
P b a n :2,50.0,ZnH6C11BrNO4
P c a 21,29.0,NpB3O8
P n m a,62.0,UBCO5
P b c a,61.0,MnH7C3N2Cl3O
C m c m,63.0,UFeSe3
C m c m,63.0,UFeS3
C m c m,63.0,UFeS3
C m c m,63.0,UFeS3
C m c 21,36.0,Yb2In5Au3
F m -3 m,225.0,Zn7Sb8Ru9
P 21 21 21,19.0,B10H15C4NO
P 41,76.0,B5H11C8NO
P b c a,61.0,B5H6C3NOF3
C c c m,66.0,H2Pb2C2O5
P -4 21 m,113.0,Eu2MgSi2O7
P -4 21 m,113.0,Eu2MnSi2O7
P -4 21 m,113.0,Sr2MgSi2O7
P -4 21 m,113.0,Sr2MnSi2O7
I m m a,74.0,MgB7
P n m a,62.0,C2SNOF
P c a 21,29.0,C2SNOF
P 21 21 21,19.0,K5InTe4O5
P m n 21,31.0,CrCoH48(C10O)4
P 21 21 21,19.0,NaBH24(C2O)5
P c c n,56.0,FeH16C12N6(ClO4)2
P c c n,56.0,FeH16C12N6(ClO4)2
P c c n,56.0,FeH16C12N6(ClO4)2
P c c n,56.0,FeH16C12N6(ClO4)2
P c c n,56.0,FeH16C12N6(ClO4)2
P n m a,62.0,Sr2V3Se5O18
P n a 21,33.0,Cs2U2Mo3O16
P 42/n :2,86.0,Cs2U2Mo3O16
I -4 2 d,122.0,Zr11Sb18
P 21 21 21,19.0,AsCl3
P n m a,62.0,EuInGe
P n m a,62.0,SrInGe
P n a 21,33.0,FePH5CO4
P m c 21,26.0,UPb(SeO4)2
C m c m,63.0,CsSmZnSe3
C m c m,63.0,CsTbZnSe3
C m c m,63.0,CsDyZnSe3
C m c m,63.0,CsHoZnSe3
C m c m,63.0,CsErZnSe3
C m c m,63.0,CsTmZnSe3
C m c m,63.0,CsYbZnSe3
C m c m,63.0,CsYZnSe3
P n m a,62.0,AsPHBr3OF6
P 21 21 21,19.0,GdCuH22C20N5O13
P 21 21 21,19.0,EuCuH22C20N5O13
P 21 21 21,19.0,PrCuH22C20N5O13
P 21 21 21,19.0,CeCuH22C20N5O13
P 21 21 21,19.0,EuNiH22C20N5O13
P 21 21 21,19.0,CeNiH22C20N5O13
P 21 21 21,19.0,BH25AuC22N9(ClO)4
P n m a,62.0,AgHCSClO3
P 21 21 21,19.0,H18PtC8N2(Cl2O)2
P n a 21,33.0,SiH11C10N2F5
F d d 2,43.0,Fe2C4N2Cl2O11
P c a 21,29.0,H8C12SN2
P n a 21,33.0,VH21C18S2NClO
P b a m,55.0,Sm4Mo4O11
P b a m,55.0,Eu4Mo4O11
P b a m,55.0,Gd4Mo4O11
P b a m,55.0,Tb4Mo4O11
P b a m,55.0,Dy4Mo4O11
P b a m,55.0,Er4Mo4O11
P b a m,55.0,Tm4Mo4O11
P b a m,55.0,Y4Mo4O11
P b c n,60.0,FeCuPH16C20S2(NF3)2
P 21 21 21,19.0,PH25PtC10SeNCl
P n m a,62.0,Ba3FeO5
P n m a,62.0,K6NbTlAs4
P 21 21 21,19.0,ZnH13C9SNO7
P 21 21 21,19.0,CuH9C9SNO7
P c c n,56.0,CoH76C84Se32S32Cl8O
P 21 21 21,19.0,CoB9H23C10SN
I 4 2 2,97.0,H22RuC22N4ClO2
P n -3 m :2,224.0,Ag2O
P b a m,55.0,KSnAsS5
P n n m,58.0,FeB2H24C18(NF2)4
P b c a,61.0,BeH10(C2O)6
C 2 c b,41.0,BeH16C15N2O5
P 21 21 21,19.0,H24WC18N2(ClO)2
P m n m :2,59.0,NiH12(C3N)6
P b c n,60.0,TeH14C8(SO2)2
P b c n,60.0,TeH14C8(S2O)2
P c a 21,29.0,BH12C6NO3
P b c a,61.0,Cd3H10(C4O5)2
I b a m,72.0,Cu2H20C11N4
P n a 21,33.0,Cu2H12C7N5
P n m a,62.0,Cu3H16(C5N3)2
C m c m,63.0,KU(TeO4)2
P b a m,55.0,U2Tl3(Te2O9)2
P b c a,61.0,Cs9(NbAs3)2
P 21 21 21,19.0,CrH21C15N3Cl5O9
P b c a,61.0,FeP(H2O3)2
P b c a,61.0,FePO4
P n a 21,33.0,CoH22C16N5(ClO)4
I 4/m,87.0,FeH28C44N3Cl2O
P 42/n :2,86.0,P2H12Pb4C10N2O17
P 21 21 21,19.0,P2H9PbC3NO6
I m -3 m,229.0,Sm4Ga6FeGe6
I m -3 m,229.0,Tb4Ga6FeGe6
I m -3 m,229.0,Y4Ga12Fe
P 21 21 21,19.0,Mn2C7S2O7
P 41,76.0,ReH13C15Br(NO)3
P b c n,60.0,Eu2Mo5O18
P b c n,60.0,Gd2Mo5O18
P 41 21 2,92.0,Re2H18C12N6Cl4O7
P 41 21 2,92.0,Re2H18C12Br4N6O7
I b c a,73.0,SbIF10
P n m a,62.0,Cs2U3I(ClO7)2
P b c a,61.0,Cd3H10C12N10(ClO)2
I 41/a m d :2,141.0,Cu2Ag2O3
C m c e,64.0,CIClF4
C m c m,63.0,AsH10WC13S5F6
C m c m,63.0,MoAsH10C13Se2(SF2)3
P 21 21 2,18.0,Cu6Mo2H36C50N16(Cl2O)3
F m -3 m,225.0,K3WF6
P n m a,62.0,K2WF7
P n m a,62.0,CuH12Pt(CN2)4
P n m a,62.0,CuH12Pt(CN2)4
P n m a,62.0,GeH9C2NO
P 21 21 21,19.0,H25C20NO
P 21 21 21,19.0,H11C16NOF6
P c a 21,29.0,LaH3C5(ClO5)2
P b n a,60.0,EuH9C15O11
P n m a,62.0,Rb4Hg5Te13
C m c m,63.0,K2Cu2Te5
P 42/n :2,86.0,CoH22C30N6Cl2O9
P n n 2,34.0,Co3H32C43(N7Cl)2
C m c 21,36.0,H20C9N4
F d d d :2,70.0,LiAuS
I b a m,72.0,Li3AuS2
P 21 21 21,19.0,MoH21C9N3O4
P 21 21 21,19.0,MoH21C8N3O5
P 21 21 21,19.0,MoH21C10N3O5
P 42/n :2,86.0,H20PtC10N4(ClO)2
P n a 21,33.0,PH23PtC23NCl3O2
P 21 21 21,19.0,ZnH24C12SN4Cl2O3
P c a 21,29.0,LiH6C4N2Cl
A b m 2,39.0,Bi2TeO5
P n a 21,33.0,Cr2CuH20C20N4O7
P n a 21,33.0,ZnCr2H20C20N4O7
P 21 21 21,19.0,TiH25(C3N)5
P b c a,61.0,P2H2C2N2OF5
P n m a,62.0,P4H6C3N4(OF3)2
P 21 21 21,19.0,CuH17C21S2(N2O)3
P n m a,62.0,H14WC16S3N4Cl2O
P 42/m c m,132.0,Rb2Ti(CuS2)2
P 42/m c m,132.0,Cs2Ti(AgS2)2
P 42/m c m,132.0,Cs2Ti(CuSe2)2
I m m 2,44.0,Er7(NiTe)2
P n m a,62.0,KEuPSe4
I b a m,72.0,K4Eu(PS4)2
P n m a,62.0,KEuPS4
P b c a,61.0,C2S2N2Cl
I 4/m m m,139.0,KrF2
C c m 21,36.0,FeBH25C18Br3N6Cl
C c m 21,36.0,MnBH25C18Br3N6Cl
I -4 3 d,220.0,Na6P4Pb3S16
F m m 2,42.0,Li2UC16(Cl2O5)2
C m c a,64.0,Li2UC16(Br2O5)2
P n n m,58.0,AgH24C9(N2O3)2
P n m a,62.0,AgH15C13(NO)6
P c a 21,29.0,AgH25C19(NO)4
P c a 21,29.0,AgH25C19(NO)4
C 2 2 21,20.0,Na2Si3SnO11
P b c a,61.0,Se2SN2Cl
P 21 21 2,18.0,K5CoPH32C20(NO6)4
P n m a,62.0,Ba(GaSb)2
C m c 21,36.0,CoH22C20N5O
P 21 21 21,19.0,H20C23S2(NO3)2
P 21 21 21,19.0,H6C2NCl
P 4/m,83.0,FePtC8(N3O)2
P 43 21 2,96.0,MnH8(C5N4)2
F d d 2,43.0,SnH10(C2O)6
P n a 21,33.0,BP(H11C4)2
C m c 21,36.0,Sb2H6C3OF14
P 21 21 21,19.0,ReH18C10S2N2O5
P 43,78.0,ReH15C7S2N2O3
P n m a,62.0,LiCa2InGe2
P n m a,62.0,Sr2LiInGe2
P 21 21 21,19.0,FeH12C2N2Cl5O
P b c a,61.0,C2S2N2Cl
P 21 21 21,19.0,PH10C13N3
P b a m,55.0,H24AuC12Cl4O7
P 21 21 21,19.0,PH24IrC13S4
P b c a,61.0,TeH6C12(BrF2)2
P b c a,61.0,TeH6C12(ClF2)2
P 42/n :2,86.0,GeH20C8(OF2)2
P -4 3 n,218.0,Li7MnN4
C m c m,63.0,BaGdCuSe3
C m c m,63.0,CsGdZnSe3
C m c m,63.0,CsUCuSe3
C m c m,63.0,CsZrCuSe3
I 4/m c m,140.0,Nb8Si2Sb4Pd
I 4/m c m,140.0,Nb8Fe2Sb4Pd
I 4/m c m,140.0,Nb8Co2Sb4Pd
I -4 3 m,217.0,Na10CaSn12
I -4 3 m,217.0,Na10SrSn12
C m c m,63.0,ReTeS5NO2
P 21 21 21,19.0,Mn2C7S2O7
P c n n,52.0,Co2H24C24N8O11
P c n n,52.0,Cu2H24C24N8O11
F d d d :2,70.0,NiH12C12(NO)4
F d d d :2,70.0,CuH12C12(NO)4
P 21 21 2,18.0,CoH28C29(NCl)2
P 21 21 21,19.0,H12C6SO4
P n m a,62.0,MoH7C5NO7
F m -3 m,225.0,Ni
F m -3 m,225.0,NiO
F m -3 m,225.0,Ni
F m -3 m,225.0,NiO
F m -3 m,225.0,Ni
F m -3 m,225.0,NiO
F m -3 m,225.0,Ni
F m -3 m,225.0,NiO
F m -3 m,225.0,Ni
F m -3 m,225.0,NiO
F m -3 m,225.0,Ni
F m -3 m,225.0,NiO
F m -3 m,225.0,Ni
F m -3 m,225.0,NiO
F m -3 m,225.0,Ni
F m -3 m,225.0,NiO
F m -3 m,225.0,Ni
I 41/a :2,88.0,Cd2P4H16C23SN4O13
P 21 21 21,19.0,IO2F
P 4/m b m,127.0,Yb2Ga10Ru3
P 21 21 21,19.0,FeH5C8NO2
I 2 2 2,23.0,CuH56PtC24(Br3N4)2
P 21 21 21,19.0,CuH16C14S2N5O
P 21 21 21,19.0,AgH14C12N5O3
F m -3 m,225.0,NaCl
P c a b,61.0,CuH2(CO2)3
P n m a,62.0,SiH21WC19(N2O)3
P n m a,62.0,SiMoH21C19(N2O)3
A m a 2,40.0,LiEuPSe4
P 21 21 21,19.0,Co4P4H22C4N4O17
P m n a,53.0,K2Re3CS5N
P n n m,58.0,Tb3CrSe6
P n n m,58.0,Sm3InSe6
P n n m,58.0,Gd3InSe6
P n n m,58.0,Sm3CrSe6
P n n m,58.0,Gd3CrSe6
P n a 21,33.0,SiB2H22C5(NO)2
C m c 21,36.0,CdC15Se3N4
I -4 2 m,121.0,K3CrO8
P 21 21 21,19.0,ZnH10C5S2(NO)4
P 21 21 21,19.0,CdH10C5S2(NO)4
P 21 21 21,19.0,CdH10C5S2(NO)4
P 21 21 21,19.0,ZnH10C5S2(NO)4
P b c n,60.0,Er2Pt3C12(N4O7)3
P n a 21,33.0,P2H23RuC15S3(NF4)3
P b c a,61.0,Fe2As2H12C2N2O9F2
P n a 21,33.0,K3Al2(PO4)3
C m c 21,36.0,Rb3Al2(PO4)3
P n a 21,33.0,Al2Tl3(PO4)3
I -4,82.0,H11PdC6N5O4
I -4,82.0,H11PtC6N5O4
P 21 21 2,18.0,KNi4C40(S5O)8
P 21 21 2,18.0,RbNi4C40(S5O)8
C m c 21,36.0,TcXeO4F5
P 43 21 2,96.0,CuH9C13(N2O)3
P c a 21,29.0,H10C9Se2
P n 21 a,33.0,H6C3Se
I 4 2 2,97.0,H24PtC14N6Cl
I 4/m,87.0,H24WC14N6Cl
P 42/m b c,135.0,Ca2GeN2
P n a 21,33.0,CuH24C13S4Cl2O9
P n a 21,33.0,LiAlSe2
I -4 2 d,122.0,LiAlTe2
P n m a,62.0,LaTeAs
P n m a,62.0,PrTeAs
P n m a,62.0,SmTeAs
P n m a,62.0,GdTeAs
P n m a,62.0,DyTeAs
P n m a,62.0,ErTeAs
P n a 21,33.0,AgB9H7C7Br9
P 21 21 21,19.0,AgH12C6SN3
P 21 21 21,19.0,VH15C6S3N2
P 21 21 21,19.0,H18RuC22(N4O3)2
P b c a,61.0,VH10C8N(ClO)2
A e m 2,39.0,H12OsC4NO4F
P c a 21,29.0,AgH2C2INClO4
P n n a,52.0,AgPH6C8N4OF4
I -4,82.0,GaN5O14
P b c a,61.0,H3CI(OF)2
P n m a,62.0,Zr3P3Pd4
P n m a,62.0,Hf3P3Pd4
I 4/m,87.0,K6Mo6C5Se8N5
P n n m,58.0,U8H20C12N8O23F20
P b c a,61.0,TeH10(C2N)6
P 21 21 21,19.0,MnSnH19C23(NO2)2
P 21 21 21,19.0,ReH23C12S2(NO3)2
P n a 21,33.0,CsB11H9C5I6Br5O
C m c 21,36.0,MoH17C10Cl4O
P 21 21 21,19.0,Ca3(AlN2)2
P 41 3 2,213.0,Rb5Na3Sn25
C m c 21,36.0,Tb8CrTe13Cl
C m c 21,36.0,Sm8CrTe13Cl
C m c 21,36.0,Gd8CrTe13Cl
P 21 21 21,19.0,CoH22C14N7O4
P 21 21 21,19.0,H19C12S2NO
P b c a,61.0,KH7C8SO2
P b c a,61.0,RbH7C8SO2
P 21 21 21,19.0,H19C12SNO2
P n m a,62.0,Si2B10H22C6O
P 21 21 21,19.0,ReH11C7S2(NO2)2
P n m a,62.0,K2SN2O5
P 21 21 2,18.0,MnGaP4H42C45OF20
C m c m,63.0,H8Pt(C3N)4
P b c a,61.0,H9C12SN5
P m m n :2,59.0,BaCrS2
P c a 21,29.0,ZnH7C19S2NOF10
I 2 2 2,23.0,NiH28C12N8ClO8
P n m a,62.0,K7Te4Mo4C12(NO)12
P 4/m c c,124.0,YbH32C64(IN8)2
P 4/m c c,124.0,AsH32C64(IN8)2
P 21 21 21,19.0,H20Ru(C4N)4
P 21 21 21,19.0,H20RuC17N2O
P -4 21 m,113.0,LiRe(OF2)2
P n m a,62.0,ReH6C6N3O3F
P n a 21,33.0,Cr4H18C16Cl6O5
P n a 21,33.0,Cu3H10C14N4Cl3
P n m a,62.0,CuH19C8Br2N3
P 21 21 21,19.0,CuH12C8S2N4O5
A m a 2,40.0,HgI3NO
P 41,76.0,H2RuC7(O4F3)2
I -4 3 d,220.0,Zr3Ni3Sb4
I 4/m,87.0,Co4H22C18N9O20
P b c n,60.0,TeH10(C6S)2
P 4/n :2,85.0,Cu10H48(C16O25)3
P 21 21 21,19.0,PH17(C9N2)2
P 21 3,198.0,CsBC3BrF9
P 21 3,198.0,CsBC3ClF9
P 4/m m m,123.0,BaMg4Si3
P 4/m m m,123.0,BaMg4Ge3
C m c e,64.0,CICl2F3
P c c a,54.0,Cu6H2C7N8
P 21 21 21,19.0,UP3O8
P b c a,61.0,SmCuTeS
I 4/m m m,139.0,Zr2CuH20C44(N5F3)4
P n m a,62.0,H10PbC10
P n a 21,33.0,H8RhC10S2NO2
P c a 21,29.0,CuH19C17N3Cl4O
I 41 c d,110.0,ZrP2(HO4)2
P -4 2 c,112.0,AlCuBr4
P n a 21,33.0,AlCuCl4
P 21 21 21,19.0,InAsH20C6(Se2N3)2
P b c a,61.0,CuH11C11N6
P 1 21/c 1,14.0,SrTh2Se5
P 21 21 21,19.0,ReH23C24N2O5
P b c n,60.0,CoH20C14S2N2(ClO)2
P 21 21 21,19.0,BH19PtC9O5F4
P m c n,62.0,U2H24C37(Cl3O16)2
P 42/m n m,136.0,H7AuC6I2N
P b c a,61.0,AgH8C10(NO)3
I -4 2 d,122.0,CIF5
P 41 21 2,92.0,AgBH8C8(NF)4
P c a b,61.0,Co2P2O11
P n m a,62.0,LaAs3H2F20
P b c n,60.0,B5H4CF2
P n a 21,33.0,MnH16C17N5O2
P n a 21,33.0,AgB11H14(CBr)10
F m m m,69.0,B12H9C3Br12N
P n m a,62.0,H12C11O2
P n n a,52.0,Sr3(GaN2)2
P 21 21 21,19.0,CrCoH9C16O5
P 21 21 21,19.0,H13OsC14S4NCl2
P n a 21,33.0,Mo2H10C16SeO8
P 21 21 2,18.0,CoH22C5S2N5O6
P 21 21 21,19.0,AsH12C12NCl2
P 21 21 21,19.0,SbH12C12NCl2
C 2 2 21,20.0,TiH22(C7N5)2
P -4 21 c,114.0,H25WC12(NCl)2
P 4/n n c :2,126.0,K8Tl10Zn
P n m a,62.0,SrSn3Sb4
P n a 21,33.0,CrH24C14(NO3)2
P n a 21,33.0,RuNCl5O3
P 4/n c c :2,130.0,ReP2H24C17N8(OF6)2
C m c m,63.0,Ca3SnH2
C m c m,63.0,Ca3H2Pb
I m -3 m,229.0,Zr2C12NCl6
P 21 21 21,19.0,CuH19C13N2ClO7
I 4/m m m,139.0,KCr12Si8BrO28
I 4/m m m,139.0,NaCr12Si8ClO28
I 4/m m m,139.0,NaCr12Si8BrO28
I 4/m m m,139.0,KCr12Si8ClO28
P n m a,62.0,H18PtC7(NCl)2
P 21 21 21,19.0,AgBH8C17(NF3)6
P n m a,62.0,AgBH4C17(NF3)6
P b c m,57.0,H15PtC24N4O
P 21 21 21,19.0,H9Ru3C16SNO10
I -4,82.0,CuH11C8SN2
P b a 2,32.0,FeBi2H32C24N2(Cl3O2)2
P 4/m b m,127.0,Zr9(NiP2)2
P 21 21 21,19.0,KY(PSe3)2
P 21 21 21,19.0,FeB2H22C18N6(OF)4
P n m a,62.0,Ba2(SnSb2)3
P b c a,61.0,MnH20C18(ClO4)2
P n n 2,34.0,TiSb2H30C17(Cl2O)8
P 21 21 21,19.0,MoH24C14NCl2
P n m a,62.0,B2H24PdC12(SeF2)4
P 21 21 2,18.0,B2P4H42PtC48N2(OF4)2
P n m a,62.0,B5H9N
P c c n,56.0,CoH4S(NO2)2
P c c n,56.0,MnH4S(NO2)2
I 4/m c m,140.0,FeH12(C11N3)2
I 41/a :2,88.0,PH6C4NO2
P m n 21,31.0,GaH21C7N2
I 2 2 2,23.0,H28PdC20S2N12(ClO)2
P 4/n m m :2,129.0,NpCuPO
P 4/n m m :2,129.0,UCuPO
P n a 21,33.0,Nb2S3O14
P b a 2,32.0,Re2S2O13
P b c m,57.0,Re2S2O13
P n a 21,33.0,H13C12(NO2)3
P n a 21,33.0,H13C12(NO2)3
P 21 21 21,19.0,CuH22C23N3
P n m a,62.0,Na6Co3B2P5ClO22
P n a 21,33.0,TcC16N4O3
P n m a,62.0,Zn3(SnRu)2
P n m a,62.0,Np3S5
P n m a,62.0,Np3Se5
P 21 21 21,19.0,CoH25Au3C12(N9O2)2
I 4/m,87.0,ReH20C12N6Cl
I 4/m,87.0,ReH16C10N6Cl
P b c n,60.0,Mg6H12C14NO24
P b c a,61.0,ReH11C11N2O5
P n a 21,33.0,H19RuC25N4ClO3
P 21 21 21,19.0,VH18C9S2N2O
P c c n,56.0,ThH14C10N2O13
P n a 21,33.0,RbGeB3O7
P 21 21 21,19.0,VH12C14O5
P 21 21 21,19.0,VH10C14O5
P 42/n n m :2,134.0,K2TbH12Pt2AuC10(N5O3)2
P n m a,62.0,Ba2FeSbS5
P n m a,62.0,Ba2FeBiS5
I 4/m m m,139.0,EuC2
F m -3 m,225.0,EuC2
P c a 21,29.0,HC6SeSN2F3
P m n 21,31.0,C2SN2
C m c m,63.0,La4P9Rh8
P b c a,61.0,HCN5
P c a 21,29.0,FeB2H21C21N5OF8
P 21 21 21,19.0,H22C23(NO)2
P 2 2 2,16.0,MnZn2H62C72N3ClO10
P b a m,55.0,CuH12C18N2O5
C m c m,63.0,B3H12N
P n m a,62.0,RbH4CN3
C m c 21,36.0,RbO2
P n a 21,33.0,CoH17C23NO5F6
P n a 21,33.0,MnH17C23NO5F6
P 1,1.0,Fe2H36C38S12N4O21
P 21 21 21,19.0,H17C11N4O
I 4/m,87.0,H36Pt2C20S8I
P 21 21 21,19.0,H15C11NO2
P 21 21 21,19.0,H17C12NO3
P 21 21 21,19.0,LaH21C14Br3N7
P b c a,61.0,Bi2B3HO8
P 21 21 2,18.0,H7C10SN3ClF3
P 41 21 2,92.0,H7C7SN2ClO2
I -4,82.0,MnCo4H40C46(N3O)2
P n a 21,33.0,H22RuC14(NCl)2
P n a 21,33.0,KNp3Cl4O7
I 4/m m m,139.0,YbC2
P 4/m b m,127.0,Zn2SnH24C42(NO)8
F d d d :2,70.0,Pu(SO6)2
P n m a,62.0,Ba2GaBiS5
C m c 21,36.0,Ba2InBiS5
F d -3 m :2,227.0,Cs2Ge(TeO4)3
F d -3 m :2,227.0,Cs(TeO3)2
P n a 21,33.0,FeH25C25N5ClO6
P 4/n m m :1,129.0,NiSbH9C8(NF2)4
P -4 21 c,114.0,Eu4C2N4F5
C m c 21,36.0,Cs2U(Si2O5)3
P 21 21 21,19.0,H7C11Br2N
F m -3 m,225.0,Na6Cd16Au7
P n a 21,33.0,ReH21C17N4(Cl2O)2
I 41/a :2,88.0,Sn2H2C5(O2F3)2
I m m m,71.0,CoH2C4N9
P n a 21,33.0,H16PdC13S2Cl2O3
I 4/m m m,139.0,Zn2Ni21B20
P n n 2,34.0,ZnCr2H34C41(N3Cl)4
C m c 21,36.0,Ca2CdP2
C m c 21,36.0,Ca2CdAs2
C m c 21,36.0,Sr2CdAs2
C m c 21,36.0,Ba2CdAs2
C m c 21,36.0,Eu2CdAs2
P 1 21/c 1,14.0,FeH12(C2O)6
P 4/m m m,123.0,CsCd4As3
P 4/m m m,123.0,CsZn4As3
P 4/m m m,123.0,CsZn4P3
P 4/m m m,123.0,RbZn4As3
P 4/m m m,123.0,RbZn4P3
P n a 21,33.0,LaH5C7(NO5)2
P n a 21,33.0,CeH5C7(NO5)2
P n a 21,33.0,PrH5C7(NO5)2
P n a 21,33.0,NdH5C7(NO5)2
P n a 21,33.0,SmH5C7(NO5)2
P n a 21,33.0,EuH5C7(NO5)2
P n a 21,33.0,GdH5C7(NO5)2
P b c n,60.0,As3PWC5S3O5
P 21 21 21,19.0,FeH21C22S2N7
P n m a,62.0,ThH2SO6
P b c m,57.0,SrCuTe2O7
P b c m,57.0,CuTe2PbO7
P n m a,62.0,K4Cu(MoO4)3
P n m a,62.0,K4Zn(MoO4)3
P -4,81.0,Cd12Ge17(B4O29)2
P m n 21,31.0,AlP3(NCl3)3
P n m a,62.0,BHBrN
P 21 21 21,19.0,LaSb2H4C8NO21
P 21 21 21,19.0,CeSb2H4C8NO21
P 21 21 21,19.0,PrSb2H4C8NO21
P 21 21 21,19.0,NdSb2H4C8NO21
P 21 21 21,19.0,SmSb2H4C8NO21
P 21 21 21,19.0,EuSb2H4C8NO21
P 21 21 21,19.0,GdSb2H4C8NO21
P 21 21 21,19.0,TbSb2H4C8NO21
P 21 21 21,19.0,DySb2H4C8NO21
P 21 21 21,19.0,HoSb2H4C8NO21
P 21 21 21,19.0,ErSb2H4C8NO21
P 21 21 21,19.0,TmSb2H4C8NO21
P 21 21 21,19.0,YbSb2H4C8NO21
P 21 21 21,19.0,LuSb2H4C8NO21
P 21 21 21,19.0,YSb2H4C8NO21
P 21 21 21,19.0,AgH10C12N7O3
I -4,82.0,SnH12C9N2
I 41/a c d :2,142.0,NpPS4
I 41/a :2,88.0,Np(PS3)4
P 21 21 21,19.0,CsH21(C7O)3
P n m a,62.0,Fe2H20C24O
P 21 21 21,19.0,H23PtC9N3O5
C 2 2 21,20.0,Mn2H22C10O13
P 1 21/c 1,14.0,MnH18C19Br2N5O2
P 1 21/n 1,14.0,FePH10C8SOF6
I a -3,206.0,Sc2O3
I a -3,206.0,Sc2O3
C m c a,64.0,Lu5(TeAu)2
P 21 21 21,19.0,ZnH8(C4N3)4
P n m a,62.0,La(ZnAs)3
P m n 21,31.0,CoP(CO2)2
P m n 21,31.0,NiP(CO2)2
P m n 21,31.0,CdP(CO2)2
P m n 21,31.0,FePH3(CO2)2
P m n 21,31.0,ZnPH3(CO2)2
I m m m,71.0,CrB4
P c c n,56.0,ZnH20(C9N2)2
P c c n,56.0,CoH20(C9N2)2
P c c n,56.0,CdH20(C9N2)2
P -4 21 m,113.0,BH23C13N5
P m c 21,26.0,CsTh3F13
P m c 21,26.0,RbTh3F13
P n m a,62.0,RbTh2F9
P n n m,58.0,H36RuC48S2(N2O3)2
P 21 21 21,19.0,TiH24C10N4Cl2O
P n m a,62.0,Mn2PHO3F2
P 21 21 21,19.0,H10C12SNO
P 21 21 21,19.0,Bi2I4O13
C m c 21,36.0,La2Ga2GeS8
P -4 21 m,113.0,Eu2Ga2GeS7
I b a 2,45.0,ReNiH6C8Br2N4(Cl2O)2
P b c a,61.0,AsSXeNF10
P b c a,61.0,H7C4NClO
P n m a,62.0,AgB2H22AuC20(N3F4)2
C m c m,63.0,CsSmMnSe3
C m c m,63.0,CsGdMnSe3
P n m a,62.0,KCu2C2BrN2O
I 4/m c m,140.0,Ce10Ga5Cl4
I 4/m c m,140.0,La3Ga4Cl
I 4/m c m,140.0,Ce3Ga4Cl
P 4/m b m,127.0,Na2Mo6C42NO34
I 4/m,87.0,Co2WC8(NO)8
C m c a,64.0,Co3W2C16(N8O5)2
P 21 21 21,19.0,Al2H24C10S2NClO
P 21 21 21,19.0,CuH14C10(NO4)2
P b c m,57.0,CuP2H23C18N5F12
P 21 21 21,19.0,CoH16C8S2N2ClO5
I -4 2 d,122.0,MnAs2F12
C m c 21,36.0,La4Mg5Ge6
P b c a,61.0,Al4Co2P6C5(NO12)2
P b c a,61.0,Al4Zn2P6C5(NO12)2
P c a 21,29.0,FeH16C17N2
P n a m,62.0,Ba2ZnS3
P 4/n m m :2,129.0,BaCoS2
P 21 21 21,19.0,PrH14C4(NO5)3
P 21 21 21,19.0,CeH14C4(NO5)3
P n a 21,33.0,BiRhC8(O2F3)4
P n m a,62.0,Ca2V2(SeO5)3
P n m a,62.0,BaV2SeO8
P n m a,62.0,LiLaGe2
P n m a,62.0,LiCeGe2
P n m a,62.0,LiPrGe2
P n m a,62.0,LiNdGe2
P n m a,62.0,LiSmGe2
P n m a,62.0,LiEuGe2
P n m a,62.0,CuH6C8S3IN4
P b c m,57.0,AlH10C4Cl3O2
P 21 21 21,19.0,H11C15S4NO4
P 21 21 21,19.0,SnH24C12INO3
F d d 2,43.0,LiGa(GeSe3)2
I c m m,74.0,Sr2ScGaO5
P n a 21,33.0,ZnH24C20S2(N5O2)2
P n a 21,33.0,ZnH24C20S2(N5O2)2
P n a 21,33.0,ZnH24C20S2(N5O2)2
P 21 21 2,18.0,LaZn4H16C32(N2O3)8
P 21 21 2,18.0,PrZn4H16C32(N2O3)8
P 21 21 2,18.0,EuZn4H16C32(N2O3)8
P 21 21 2,18.0,GdZn4H16C32(N2O3)8
P 21 21 2,18.0,TbZn4H16C32(N2O3)8
P c a 21,29.0,NiGe7H12C8N3O19
P 21 21 21,19.0,AgH8C4SNO2
P 21 21 21,19.0,B10H14S
P 21 21 21,19.0,B10H14S
C 2 2 21,20.0,NaSmH12(CO)12
C 2 2 21,20.0,NaSmH16(C3O2)6
C 2 2 21,20.0,NaEuH12(CO)12
C 2 2 21,20.0,NaEuH16(C3O2)6
C 2 2 21,20.0,NaGdH12(CO)12
C 2 2 21,20.0,NaGdH16(C3O2)6
C 2 2 21,20.0,NaTbH12(CO)12
C 2 2 21,20.0,NaTbH16(C3O2)6
C 2 2 21,20.0,NaDyH12(CO)12
C 2 2 21,20.0,NaDyH16(C3O2)6
C 2 2 21,20.0,NaHoH12(CO)12
C 2 2 21,20.0,NaHoH16(C3O2)6
C 2 2 21,20.0,NaErH12(CO)12
C 2 2 21,20.0,NaErH16(C3O2)6
C 2 2 21,20.0,NaYbH12(CO)12
C 2 2 21,20.0,NaYbH16(C3O2)6
P b c n,60.0,FeB2H20C12N6(OF)4
P n m a,62.0,RbLaF4
P 41,76.0,Cu2H16C12N16O3
P 43,78.0,Cu2H16C12N16O3
P 41,76.0,CuH8C6N8O
P 41,76.0,CuH8C6IN8O
P 41,76.0,CuH8C6N8O
P 41,76.0,CuH8C6N8O
P 41,76.0,CuH8C6N8O
P 41,76.0,CuH8C6N8O
P 41,76.0,CuH8C6N8O
P 41,76.0,CuH8C6N8O
P 43,78.0,CuH8C6N8O
P b c n,60.0,CsCoB18H20(C2I)2
P c a 21,29.0,B10H11C2I
P b c a,61.0,CsB9H11C2I
P 41,76.0,B5H5CI
A m a 2,40.0,BaMgTe2O7
A m a 2,40.0,BaZnTe2O7
P n a 21,33.0,ReH17C16BrN3O7
P n m a,62.0,TbH23C18
P n m a,62.0,DyH23C18
P n m a,62.0,HoH23C18
P n m a,62.0,Er(H11C9)2
P n m a,62.0,TmH23C18
P n m a,62.0,Y(H11C9)2
C m c m,63.0,Li2Ce2Ge3
I m m m,71.0,Li4Ce3Ge4
C m c m,63.0,Li2La2Ge3
I m m m,71.0,Li4La3Ge4
C m c m,63.0,Li2Nd2Ge3
I m m m,71.0,Li4Nd3Ge4
C m c m,63.0,Li2Pr2Ge3
I m m m,71.0,Li4Pr3Ge4
C m c m,63.0,Li2Sm2Ge3
I m m m,71.0,Li4Sm3Ge4
P 21 21 21,19.0,GaP5H3CCl5
P 21 21 21,19.0,CuH19C23(N3O2)3
P a -3,205.0,Sr3Si2(NO2)2
P -4 21 m,113.0,Sr2MnGe2O7
P -4 21 m,113.0,Sr2MnGe2O7
P -4 21 m,113.0,Sr2CoGe2O7
P -4 21 m,113.0,Sr2ZnGe2O7
I -4,82.0,ZnCu2SnS4
P 21 21 21,19.0,BH24C21S3N7
I -4 2 m,121.0,Rb2SnHgTe4
F m m m,69.0,Cs2U(PtSe2)3
F m m m,69.0,Cs2U(PtS2)3
F m m m,69.0,Cs2U(PdSe2)3
F m m m,69.0,Cs2U(PdS2)3
F m m m,69.0,Rb2U(PtSe2)3
F m m m,69.0,Rb2U(PtS2)3
F m m m,69.0,Rb2U(PdSe2)3
F m m m,69.0,Rb2U(PdS2)3
F m m m,69.0,K2U(PdS2)3
A m a 2,40.0,NaEuAsS4
P b c a,61.0,MgBi4(PO6)2
C m c a,64.0,CsLu7S11
C m c a,64.0,CsLu7Se11
P 21 21 21,19.0,NiH11C5SNO7
P 41,76.0,Ni2H14C10S2N2O11
P 4 n c,104.0,CoH12C4(N10Cl)2
P 4 n c,104.0,CuH12C4(N10Cl)2
P n m a,62.0,K3EuGe3(HO5)2
P 21 21 21,19.0,H8C10N3O
P b c n,60.0,Co2H22C21N3O11
P 42/m m c,131.0,ZnH4(C3N2)2
I m m a,74.0,CuH7C8N5
I m m a,74.0,NiH7C8N5
P 21 21 21,19.0,Ag2S
P n m a,62.0,H9(C4O)2
I 2 2 2,23.0,NdCrH16C20N8(O6F)2
P c a 21,29.0,Zn2H24C23N4Cl2O17
P 4/m m m,123.0,ZnH4C14N3O4
P b a m,55.0,Sr5(SnAs3)2
P b a m,55.0,Eu5(SnAs3)2
P b c n,60.0,Co2H22C16Cl12O13
P n a 21,33.0,Mn2H24C24N11ClO11
F m -3 m,225.0,NiO
F m -3 m,225.0,NiO
P 4/m m m,123.0,Dy5Mg5Al12(Fe2Si3)2
P 4/m m m,123.0,Gd5Mg5Al12(Fe2Si3)2
P 4/m m m,123.0,Y5Mg5Al12(Fe2Si3)2
I -4,82.0,Si5(H2Cl)4
P b c a,61.0,H9C10N3O2
I 4/m,87.0,MoH28C44N4O
P 4/n m m :2,129.0,ErH8WC8(N2O)4
P 4/n m m :2,129.0,ErMoH8C8(N2O)4
P n m a,62.0,BH12C24N6Cl
P 42 n m,102.0,Ba4NaAl2B8(ClO6)3
P c a 21,29.0,FeH25C24
P b c n,60.0,Co2H22C25N18
C m m m,65.0,Li8La7Ge10
C m m m,65.0,Li8Ce7Ge10
C m m m,65.0,Li8Pr7Ge10
C m m m,65.0,Li8Nd7Ge10
C m m m,65.0,Li8Sm7Ge10
C m c 21,36.0,Ba2YInSe5
C m c 21,36.0,Ba2NdInSe5
C m c 21,36.0,Ba2SmInSe5
C m c 21,36.0,Ba2GdInSe5
C m c 21,36.0,Ba2DyInSe5
C m c 21,36.0,Ba2ErInSe5
F d -3 m :1,227.0,Cd(RhO2)2
P m m n :2,59.0,NaNbO3
P n m a,62.0,NaNbO3
P m m n :2,59.0,NaNbO3
C m c a,64.0,U3C4(N3O5)2
P 4/n m m :1,129.0,FeSe
P 2 21 21,18.0,In3H10C7Se5N
P n a 21,33.0,H10PdC9N3ClO2
P n 21 a,33.0,H10PtC9N3ClO2
P n m a,62.0,RbGa2Au3
P n m a,62.0,CsGa2Au3
P b c a,61.0,H11IrC5SO7
P 4/n m m :2,129.0,ThSO
P 4/n m m :2,129.0,ThSeO
P 4/n m m :2,129.0,ThTeO
P n n m,58.0,Cd4Cu7As
P n m a,62.0,GaSbH9(CCl)3
P b c a,61.0,BH12C7SN
P b c a,61.0,BH12C8SN2F5
P 42/m n m,136.0,Ni6H30C31
P 21 21 21,19.0,SmP2(H3O4)2
P 21 21 21,19.0,EuP2(H3O4)2
P b c a,61.0,PuP2(H3O4)2
P b c a,61.0,TcCl4
P 4/n m m :2,129.0,TbAsRuO
P 4/n m m :2,129.0,DyAsRuO
P m m n :2,59.0,DyAsRuO
P 21 21 21,19.0,ZnH24C11(BrN)2
P 21 21 21,19.0,HgH22C10(BrN)2
P a -3,205.0,K2ZnSn3S8
P n m a,62.0,NaIn(SeO3)2
P n m a,62.0,KIn(SeO3)2
P n m a,62.0,RbIn(SeO3)2
P b c a,61.0,NiH9C9(NO3)2
P b c a,61.0,H6RhC6N2ClO2
P n a 21,33.0,H9RhC7I2(NO)2
P n a 21,33.0,PH21OsC25N6OF6
P 4/m m m,123.0,EuCu4P3
I 4/m m m,139.0,Sr2Cu6P5
I 4/m m m,139.0,Eu2Cu6P5
P 4/n m m :2,129.0,TbEuW2C16(N8O5)2
P 4/n m m :2,129.0,EuGdW2C16(N8O5)2
P 4/n m m :2,129.0,TbSmW2C16(N8O5)2
P n m a,62.0,KCoP4F12
C c c 2,37.0,Sb6S2O15
P m m n :2,59.0,MnSiPH43(C5N)4
P 21 21 21,19.0,CuH20C21N2O5F12
P n m a,62.0,US2O13
C m c m,63.0,Rb2Zn5As4
C m c m,63.0,K2Zn5As4
P 43,78.0,Cs3KMn4Bi2P6ClO24
P n n a,52.0,AgH9C7SN4O3
P b c n,60.0,H16AuC11N2ClO4
P b c n,60.0,Na2CdP2H18C4Cl2O11
P 43 21 2,96.0,ZnH12C6N8O
C m m m,65.0,K2P8H12Pt2C4I(NO12)2
C m m m,65.0,K2P8H8Pt2C4I(NO12)2
P b a m,55.0,K2P8H14Pt2C5I(NO12)2
P b a m,55.0,K2P8H8Pt2C4IN2O25
P n n 2,34.0,Rb2P8H12Pt2C3I(NO12)2
P 4 n c,104.0,Rb2P8H10Pt2C4I(NO12)2
P 4 n c,104.0,Rb2P8Pt2C3IN2ClO24
C m m m,65.0,Rb2P8Pt2C4I(NO12)2
P b a m,55.0,Rb2P8H8Pt2C5I(NO12)2
C m m m,65.0,Rb2P8Pt2C4IN2O25
P 21 21 21,19.0,H11C14N3
P n a m,62.0,Mn2P2H6C4SO8
P 21 21 21,19.0,KH14C16NO5
P 21 21 21,19.0,MoPH17C22(NO3)2
P 21 21 21,19.0,TlH8PdC13N3
P 42/n :2,86.0,CuH4C10(N2F7)2
P 42/n :2,86.0,CuH4C10(N2F7)2
P 21 21 21,19.0,CuH17C11BrN3
P m c 21,26.0,Na3Cd3B(PO4)4
P b c n,60.0,AsH8C22I(OF10)2
P 21 21 2,18.0,V2H20C5Se4(NO8)2
P b c n,60.0,VH11C3Se2NO8
P c a 21,29.0,V2H20C5Se4(NO8)2
P 21 21 2,18.0,V2H20C5Se4(NO8)2
P 4/m,83.0,FePdC8(S2N3)2
I 4/m c m,140.0,Ba2PrGaS5
I 4/m c m,140.0,Ba2NdGaS5
C m c a,64.0,CoH10C6O5
I 41 3 2,214.0,La3IrBr3
I 41 3 2,214.0,La3RuBr3
P b c a,61.0,UP2H11C8(NO5)2
C m c 21,36.0,Na2U3P4H8C4O25
P 1 21/n 1,14.0,CeB8ClO20
P n a 21,33.0,AlH15C6NCl3
P n a 21,33.0,AlH15C6Br3N
P n a 21,33.0,AlH15C6Br3N
P n a 21,33.0,AlH15C6Br3N
P n a 21,33.0,AlH15C6Br3N
P n a 21,33.0,AlH15C6Br3N
P n a 21,33.0,AlH15C6Br3N
C m c 21,36.0,Ba2YInTe5
C m c 21,36.0,Ba2DyGaTe5
C m c 21,36.0,Ba2ErGaTe5
C m c 21,36.0,Ba2YGaTe5
C m c 21,36.0,Ba2CeInTe5
C m c 21,36.0,Ba2NdInTe5
C m c 21,36.0,Ba2SmInTe5
C m c 21,36.0,Ba2GdInTe5
C m c 21,36.0,Ba2DyInTe5
C m c 21,36.0,Ba2ErInTe5
P n a 21,33.0,H7C7N3
P n a 21,33.0,BiH10C13S(OF)3
P b n m,62.0,P4H18C17N6(Cl2O)2
P 21 21 21,19.0,P4H18C17N6(Cl2O)2
P 21 21 21,19.0,B2H21(C3N)3
I -4 2 m,121.0,Sr3LaC2N4F5
P 21 21 21,19.0,H12C10N4O
P b c n,60.0,H15C18S2IN2(OF)6
P n m a,62.0,H25C22S2IN4(OF)6
P n a a,56.0,H6C9IN
P n a b,60.0,H8C9BrNO
P n a 21,33.0,H4C9INF2
P c a n,60.0,H4C9INCl2
P 2 21 21,18.0,H5C9INF2
P b c 21,29.0,H5C11NF2
I 4/m,87.0,MnAs8H40Pd12(C8O7)6
I 4/m,87.0,NiAs8H40Pd12(C24O23)2
P n m a,62.0,Ba3Sn(SbSe4)2
P 21 21 21,19.0,MnH7C3NO7
P 21 21 21,19.0,CoH7C3NO7
P 21 21 21,19.0,NiH7C3NO7
P 21 21 21,19.0,ZnH7C3NO7
P 21 21 21,19.0,MgH7C3NO7
P 43,78.0,LaH3CSO7
P 43,78.0,CeH3CSO7
P 43,78.0,PrH3CSO7
P 43,78.0,NdH3CSO7
P 43,78.0,EuH3CSO7
P 41,76.0,LaH3CSO7
P 41,76.0,CeH3CSO7
P 41,76.0,NdH3CSO7
P 41,76.0,EuH3CSO7
P 42/n m c :2,137.0,Ba2ThS6
P 42/n m c :2,137.0,Ba2US6
C m c 21,36.0,BH5NCl
P b c m,57.0,BH4N
P 41,76.0,PrH3CSO7
I 4/m c m,140.0,AgAuF4
P n m a,62.0,AgIrF7
I 4/m,87.0,AgXeF9
F d -3 m :2,227.0,Na3In2Ag
P n m a,62.0,Sc6AgTe2
P n m a,62.0,K2CeAg3Te4
P n m a,62.0,AuXe2F17
C m m m,65.0,FeAu2C4(N2O)2
I 4/m m m,139.0,BaTl3Au
P n m a,62.0,Ba2Tl7Au
P n m a,62.0,MnB2F8
F d d d :2,70.0,BaBe2(BO3)2
C 2 2 21,20.0,Sr5B3BrO9
P n m a,62.0,Sr5B3O9F
P n m a,62.0,BSF7
P -4 21 m,113.0,BNF8
P n n 2,34.0,Eu2B5BrO9
P 42/n m c :2,137.0,ZnB8(H2N)4
P 42/n :1,86.0,Eu(BIr)4
P n m a,62.0,B4PF9
P21/m(\a0\g)0s,,CsSnPS4
P 21 21 21,19.0,ZnCoH23C21N4(Cl2O3)2
C m c m,63.0,CoNiH16(C3N2)6
P n a 21,33.0,H7C2IN6
C m c m,63.0,LaNi3B
P b c a,61.0,AsC2S3N(ClF2)3
P n a 21,33.0,CaP2Xe5F22
P n a 21,33.0,CdP2Xe5F22
P n n m,58.0,Dy6I8O41
P n n m,58.0,Eu6I8O41
P n n m,58.0,Nd6I8O41
P n n m,58.0,Tb6I8O41
I m m a,74.0,VC14O5
P 21 21 21,19.0,H8C9NO2
P c c n,56.0,BaSn2S5
P 4/n :2,85.0,NiH10(C3S2)2
P 4/n :2,85.0,H10Pd(C3S2)2
P 21 21 2,18.0,P3H34RhC37N2Cl2OF6
P b c n,60.0,UH6C7SO8
P b c a,61.0,Sr4GaN3O
P 43 2 2,95.0,EuH3C9O7
P 21 21 21,19.0,GaH16C11I3(NO)2
P 21 21 21,19.0,GaH16C11Br3(NO)2
C m c m,63.0,RbCS(OF)3
P 21 21 21,19.0,AgPH16C12S2OF6
P 21 21 21,19.0,FePH11C2N2(OF)3
I 4/m,87.0,CoH30(C12N)4
P b c a,61.0,PH11C4ClO3
P n m a,62.0,Co2H6C6N9Cl
P c a 21,29.0,Hg2H7C2SI4NO
P n m a,62.0,BH19PtC20IN3F4
P 43 21 2,96.0,CuH8C12S4(NCl2)2
P c a 21,29.0,AgBH12C9S2(NF)4
C m c m,63.0,MnGa2H24C6(S2N3)2
C m c m,63.0,Ga2CoH24C6(S2N3)2
C m c m,63.0,Ga2NiH24C6(S2N3)2
P b c n,60.0,MnH12(C3N2)6
I m m m,71.0,K(USe3)2
P 21 21 21,19.0,H17C11(N2O)2
P 21 21 21,19.0,H22C19S3O2
C m c 21,36.0,FeH12C22Se4S12(Br2O)2
P c a 21,29.0,P4H23Ru2C7N2O15
P 21 21 2,18.0,H10C14S7N
P 21 21 21,19.0,Cu3H20WC17(SN)3
I -4 2 d,122.0,Cu6H20WC20Se4(IN)4
P 4/m m m,123.0,TbIn5Rh
P m -3 m,221.0,K3(Mg10In7)2
P n a 21,33.0,ZnH18C22N2O7
P m c 21,26.0,CsH15C7(NO4)2
P 41,76.0,LiH8C7N4ClO4
I -4 3 m,217.0,Ge2H9C3N
P -4 3 n,218.0,Ge4H9Pb4(C3N)4
I -4 3 m,217.0,Sn2H9C3N
F -4 3 m,216.0,CuAg3SnP10
F -4 3 m,216.0,Cu4SnP10
P a -3,205.0,CsEr13(CoI12)2
I 4/m,87.0,MoH20C12N6Cl
C m c m,63.0,V4CoH4C4(NO5)2
C m c m,63.0,V4NiH4C4(NO5)2
C m c m,63.0,V4ZnH4C4(NO5)2
P b c n,60.0,NaHgH6C2SNClO3
P 21 c a,29.0,H9C10N3
P b n b,56.0,Bi2O3
P c c n,56.0,Zn3P4H20C13(NO6)2
P c c n,56.0,Zn2P2H22C13N2O9
P n m a,62.0,Zn2P2H22C19N2O7
P 21 21 21,19.0,SrH2(CO2)2
P 43 21 2,96.0,CaH2(CO2)2
P -4 21 c,114.0,ZnH4C7NO6
P b c n,60.0,CuH8C12BrN3O2
P b c n,60.0,CuH8C12IN3O2
P m n 21,31.0,P2H24WC16(N3O2)2
P b c a,61.0,H10PtC10(N2Cl)2
P m n 21,31.0,K7Ge2H24Ru4W20(C3O11)8
P b c a,61.0,CuH8C6N2Cl
P 4/n b m :2,125.0,CoH8C8N5ClO6
P 4/n b m :2,125.0,CuH8C8N5ClO6
P 42/m b c,135.0,EuCrH10C10(NO6)2
P 42/m b c,135.0,SmCrH10C10(NO6)2
P n a 21,33.0,OsOF5
C m c 21,36.0,H11PtAuC17N5Cl
P m c 21,26.0,NiBH20C15BrN6
F d d 2,43.0,Sm3Ge5
F d d 2,43.0,Gd3Ge5
P 21 21 2,18.0,CsPu(ClO)4
P 21 21 21,19.0,CuH23C13N2
P 21 21 21,19.0,LaZnH18C22(NO3)5
P b c n,60.0,CuH24C20N2O5
P c a 21,29.0,Fe2H18C4S3N2O17
P b c a,61.0,H11C12N3O2
P 4/n :2,85.0,NaBH12C32(OF12)2
P m n b,62.0,Gd2H6C9O19
P b c a,61.0,NaGdH6(CO2)5
P n m a,62.0,SnMoH6(CO2)2
P b c m,57.0,SnMo2H6(CO5)2
C m 2 a,39.0,BiH17C15O
P 21 21 21,19.0,H13C8IN2
P n a 21,33.0,NiH25C14N2Cl
P 21 21 21,19.0,FeP(H7C8)3
P 21 21 21,19.0,CuH10C8N2ClO
P 41 21 2,92.0,K6Se2O9
P n a 21,33.0,KBH7C8S6N7
P 21 21 21,19.0,ZnH10C4SN2O3
P 21 21 21,19.0,ReH19C14SN4O5
P 21 21 21,19.0,TcH19C14SN4O5
P 4/n b m :2,125.0,CuBH9C8(N2F3)2
I -4,82.0,H10PtC10N4(ClO)2
P c c n,56.0,H10C8N7ClO4
P 42/n :2,86.0,CuH16(C8N7)2
P b c a,61.0,ZnH9C11N5Cl2
P 21 21 21,19.0,FeH10C13IN
P 21 21 21,19.0,FeH10C13IN
P b c m,57.0,FeH10(C7N)2
P b c a,61.0,CoH6C6(NO3)2
P n m a,62.0,La(In2Au)2
P n m a,62.0,Ce(In2Au)2
P n m a,62.0,Pr(In2Au)2
P n m a,62.0,Nd(In2Au)2
P b c a,61.0,KUHSO7
P 21 21 21,19.0,CuH22C10N2Cl
P n m a,62.0,Cu3MoH19C16S5N4
P 21 21 21,19.0,VH21C24S(NO2)3
P c a b,61.0,KS2N(O2F)2
P c a b,61.0,KS2N(O2F)2
I 4/m m m,139.0,Ba3(Ge4Rh)4
C 2 2 21,20.0,Sm4Ge7
I -4 2 m,121.0,Mo3P
P b c a,61.0,BiH12C11N2Cl5
P n a a,56.0,B4H14C22S8N2O2F13
P 21 21 21,19.0,H22C23N2O
F d d d :2,70.0,RbMoPO6
C 2 2 21,20.0,Rb4Mo5(PO11)2
I m -3,204.0,CaTi4(PdO4)3
I m -3,204.0,CaV4(PdO4)3
P 21 21 21,19.0,SnH11C6N2Cl3
P b c a,61.0,SnH22C12(N2Cl3)2
P n m a,62.0,Ba2NbH13C8O23
P b c n,60.0,As2H10C12N2O9
P a -3,205.0,Ti7Tl18Pb2S25
P a -3,205.0,Ti7Tl18Pb2Se25
P a -3,205.0,Zr7Tl18Pb2S25
P a -3,205.0,Hf7Tl18Pb2S25
P a -3,205.0,Hf7Tl18Pb2Se25
P 1 21/n 1,14.0,LaB7BrO14
P 1 21/n 1,14.0,LaB7IO15
P 1 21/n 1,14.0,CeB7IO15
P 1 21/n 1,14.0,PrB7IO15
P 1 21/n 1,14.0,NdB7IO15
P 1 21/n 1,14.0,SmB7IO15
C m c a,64.0,La2Zn(SeO)2
P -4 21 m,113.0,H7C8S4N3F
P 4/m b m,127.0,Fe4BiPb4ClO11
P b a m,55.0,Fe4BiPb4ClO11
P b a m,55.0,Fe4BiPb4ClO11
I 4/m m m,139.0,Yb(Ga2Cu)4
I 4/m m m,139.0,Yb(Ga2Cu)4
I 4/m m m,139.0,Yb(Ga2Cu)4
P n a 21,33.0,NiH3Ru5C18NO15
P -4 n 2,118.0,H20IrC19N3O2
F m -3 m,225.0,Ca3(Cd2Pt)4
P 42/m n m,136.0,Ba(Cd2Pt)2
P 42/m n m,136.0,Sr(Cd2Pt)2
P n a 21,33.0,PH18OsC17(NF2)3
P n a 21,33.0,PH17OsC17N2OF6
P n m a,62.0,BaYFeO4
I 21 3,199.0,NaCoH3(CO2)3
P b c a,61.0,HgH8C11Br2N3OF
C m c a,64.0,HgH8C11Br2N3ClO
P 2 2 21,17.0,In2H20C37O20
I 4/m m m,139.0,Rb2Zn3GeAs4
I 4/m m m,139.0,K2Zn3GeAs4
P n m a,62.0,EuMgSn
I 4/m m m,139.0,MnZn2H24C50(NO3)4
I 4/m m m,139.0,MnCd2H24C50(NO3)4
P 4/m m m,123.0,Zn2FeH24C49N4O11
P 21 21 21,19.0,Zn2H25C24(NO3)4
P 21 21 21,19.0,CuH7C5SNO5
P 4/n c c :2,130.0,Mg4AlSi3
F m -3 m,225.0,Pt
P n m a,62.0,AgH24C16SN4(OF)3
F m m m,69.0,Eu5B5Pt18
P n m a,62.0,MnH8C8N4O5
P c c n,56.0,MoH8C8S2(NO)2
P n a 21,33.0,CoH11PtC19S4N7
P 4/n :2,85.0,PuUC8NO25
P b c a,61.0,PH11(C2Cl)2
P n a 21,33.0,SiP2H16(C3Cl2)2
P 21 21 21,19.0,GaSi2PH18C7N2Cl4O
P n m a,62.0,RbGaH2
P n m a,62.0,PH21RuC23N5Cl(O2F3)2
P 2 21 21,18.0,Zn8H40C40O17F42
I -4 2 d,122.0,LiGa(SeO3)2
P n m a,62.0,NaGa(SeO3)2
P n m a,62.0,KGa(SeO3)2
I -4,82.0,Cs2GeB4O9
P 21 21 21,19.0,ZnH25C23N7Cl2O9
P 21 21 21,19.0,H16C23S(N3O4)2
P 21 21 21,19.0,AgH11C11N4O3
P n m a,62.0,Sr3BeB6O13
P c a 21,29.0,H16C17(NCl)3
P 4 b m,100.0,Cs2V3O8
P n m a,62.0,PH11C9NF5
P n m a,62.0,PH15C7NF5
A m m 2,38.0,Nb3Ag2TeS6
P 21 21 21,19.0,H13RuC14N5Cl4O
P n n m,58.0,Sr3Sn3Au8
P n m a,62.0,B4Pb6O13
C m m a,67.0,U2As2(C4O5)3
P b c a,61.0,NaIn(TeO3)2
I 41/a :2,88.0,KF5
P n m a,62.0,BaNiGe
P n m a,62.0,MgNiGe
P n m a,62.0,SrNiGe
P 4/n :2,85.0,MoH11C10N4ClO2
P n m a,62.0,AgH6C3N4Cl
F d d d :2,70.0,Ba(P2Au)2
C m m m,65.0,NiC4(NCl)2
P b a n :2,50.0,NiC10(NCl)2
P n n m,58.0,NiC12(NCl)2
P b a m,55.0,NaTc2H20N5OF12
P 21 21 21,19.0,CuH9C4N17O12
P c a 21,29.0,H8C5(N2O)2
P n m a,62.0,UCuH20C19(N2O5)2
P 21 21 21,19.0,UCuH23C21(NO2)5
P n m a,62.0,PH24C9N3O
P 42/m c m,132.0,UP2S9
C m c a,64.0,P2H20(C3S)3
P n m a,62.0,B5Te2H15(WC5)2
P 21 21 21,19.0,H11C19S6N2Cl3
P m n 21,31.0,FeC28
P n a 21,33.0,Ti5H15C9N6F23
P n m a,62.0,Ti2H5C3N2F9
P m n b,62.0,MgP4C12N2O13
P m n b,62.0,CaP4C12N2O13
P 21 n b,33.0,CoP4C12N2O13
P m n b,62.0,ZnP4C12N2O13
P m m n :2,59.0,Mo2H10C7N6O5F2
P -4 21 c,114.0,Ga4Ge(PbS3)4
P -4 21 c,114.0,Ga4Ge(PbSe3)4
P n m a,62.0,PH10C6O
P 21 3,198.0,Hg6P4PbCl6
P 21 21 21,19.0,CuH19C13SN5O4
P n m a,62.0,SrLiAs
P n m a,62.0,B3Pb3NO10
P n n 2,34.0,B6H4Pb4O15
P 4 m m,99.0,SnCI3N
A m m 2,38.0,SnH5CI3N2
P 4 m m,99.0,PbCI3N
I 4 c m,108.0,SnCI3N
I m m 2,44.0,SnCI3N2
I 4 c m,108.0,PbCI3N
P n m a,62.0,CsPbI3
F m -3 m,225.0,Cs2SnI6
C m c m,63.0,La2Zn5Sn
C m c m,63.0,Ce2Zn5Sn
C m c m,63.0,Pr2Zn5Sn
C m c m,63.0,Nd2Zn5Sn
C m c m,63.0,La2Zn5Pb
C m c m,63.0,Ce2Zn5Pb
C m c m,63.0,Pr2Zn5Pb
C m c m,63.0,Nd2Zn5Pb
P 42/n m c :2,137.0,Np2Se5
P 21 21 21,19.0,FeH23C16S2N4Cl(OF)6
P n m a,62.0,H6AuC5N5Cl2
P n m a,62.0,H16AuC9N5
P 43,78.0,H16PtC6N2(ClO2)2
P n a 21,33.0,H11C14SN5O2
P n m a,62.0,H15C20SN7O2
P 43 21 2,96.0,H6C13S(NO)4
P b c a,61.0,H12C12S(NO)4
P 21 21 21,19.0,MnH6C14(SO2)3
P 21 21 21,19.0,KH14C16NO5
P 21 21 21,19.0,KH12C15NO5
P 21 21 21,19.0,KH12C15NO5
P 21 21 21,19.0,NaH12C15NO5
P 21 21 21,19.0,NaH10C15NO4
P 21 21 21,19.0,NaH10C15NO5
C m c a,64.0,Rb3Ga2(Se2O7)2
P 21 21 21,19.0,ZnH14C14(N3O)2
P 21 21 21,19.0,ZnH14C14(N3O)2
P n m a,62.0,Ca6Cd11Pt
P n n 2,34.0,Cu3H25C24N11O7
P 43 21 2,96.0,FeH12C10(SN3)2
P 21 21 21,19.0,CrH6C6(SN2)2
P 21 21 21,19.0,SiH13C16S2N2F
P 21 21 21,19.0,SiH13C16S2N5
P 21 21 21,19.0,SiH13C17S2N3O
P 21 21 21,19.0,SiH13C17(SN)3
P 4/n m m :2,129.0,SrBiS2F
P n a 21,33.0,BH13C20N2ClOF
I 41/a :2,88.0,Co3As2H8C8(SN)8
P 42/n :2,86.0,Cu4AgH41C16N8O17
P 42/n :2,86.0,NaCu4H41C16N8O17
P 42/n :2,86.0,KCu4H41C16N8O17
F m -3 m,225.0,LiSbTe2
P n m a,62.0,Cs3Bi(AsS4)2
P n m a,62.0,Ba3GaS4Cl
P n m a,62.0,Ba3GaS4Br
P n m a,62.0,Ba3GaSe4Cl
I 4/m c m,140.0,Ba3InSe4Cl
I m -3,204.0,MnV4(CuO4)3
I m -3,204.0,MnV4(CuO4)3
F d -3 m :2,227.0,AgSbO3
P b a 2,32.0,Co7H32C48(N2O13)2
P b a 2,32.0,Ni7H32C48(N2O13)2
I m -3,204.0,CaV4(CoO4)3
P n m a,62.0,CaVO3
P 42/m n m,136.0,VO2
C m c m,63.0,MnCrO4
I 4/m c m,140.0,Ba14U2V4S25O
P 4/m b m,127.0,Ba14U2Fe4S25O
P 4/m b m,127.0,Ba14U2Fe4S25O
I -4 2 m,121.0,Ba13Si6(Sn4As11)2
P n m a,62.0,Na(Ga2Au)2
P n m a,62.0,CoPH23C20N2Cl(OF3)2
C m c m,63.0,Rb4(ZnAs)7
C m c m,63.0,VInO4
P m n 21,31.0,Pb23I10BrO19
I 4/m,87.0,SiPb11(ClO6)2
P 4/n :2,85.0,CsAg7S4
P n a 21,33.0,FeSnH24C18(NCl2)2
P 21 21 21,19.0,CsH10C5ClO5
P b c a,61.0,InH5C5Br3N
P b c n,60.0,InH15C15(BrN)3
P n m a,62.0,MnH2Cl2O
P n m a,62.0,CoH2Cl2O
P n m a,62.0,MnH2Cl2O
P n m a,62.0,CoH2Cl2O
P 4/n m m :2,129.0,LaCrAsO
P 4/n m m :2,129.0,NdCrAsO
C m c m,63.0,GdFeH8C6(N3O2)2
P b c a,61.0,AgH10C2N11O7
P c a 21,29.0,NiH14C2N10(ClO7)2
P b a m,55.0,Yb5(GaSb3)2
P 21 21 21,19.0,Na5Ce(PO4)3
P n m a,62.0,SrGe2(BO4)2
P n m a,62.0,BaCo2As6(H2O7)2
I m -3,204.0,LaFe4(CuO4)3
I m -3,204.0,PrFe4(CuO4)3
I m -3,204.0,NdFe4(CuO4)3
I m -3,204.0,SmFe4(CuO4)3
I m -3,204.0,EuFe4(CuO4)3
I m -3,204.0,GdFe4(CuO4)3
I m -3,204.0,TbFe4(CuO4)3
P n -3 :2,201.0,DyFe4(CuO4)3
P n -3 :2,201.0,HoFe4(CuO4)3
P n -3 :2,201.0,ErFe4(CuO4)3
P n -3 :2,201.0,TmFe4(CuO4)3
P n -3 :2,201.0,YbFe4(CuO4)3
P n -3 :2,201.0,LuFe4(CuO4)3
I m -3,204.0,LaFe4(CuO4)3
I m -3,204.0,PrFe4(CuO4)3
I m -3,204.0,NdFe4(CuO4)3
I m -3,204.0,SmFe4(CuO4)3
I m -3,204.0,EuFe4(CuO4)3
I m -3,204.0,GdFe4(CuO4)3
I m -3,204.0,TbFe4(CuO4)3
I m -3,204.0,DyFe4(CuO4)3
I m -3,204.0,HoFe4(CuO4)3
I m -3,204.0,ErFe4(CuO4)3
I m -3,204.0,TmFe4(CuO4)3
I m -3,204.0,YbFe4(CuO4)3
I m -3,204.0,LuFe4(CuO4)3
C m c a,64.0,K2CuH6C12(OF3)8
P 42/m n m,136.0,UH24C8N2(Cl2O)2
P 42/m n m,136.0,PuH24C8N2(Cl2O)2
P a -3,205.0,VSb(SeO3)4
P n m a,62.0,Ba2TaH13C8O23
I m -3,204.0,V4Cu3AgO12
A b m 2,39.0,YV(SeO4)2
P 21 21 21,19.0,H20PtC24(NO)2
P b c n,60.0,CsErH4C20(OF3)8
P b c n,60.0,CsDyH4C20(OF3)8
P b c a,61.0,BeBH10C9IN6
P m n 21,31.0,NaB3H8
P 21 21 21,19.0,H25RuC23N2Cl3O2
P b a m,55.0,PtC7Br(NO)6
P c c n,56.0,FeH12C2(NCl2)2
P c c n,56.0,FeH12C2(NCl2)2
P c c n,56.0,FeH12C2(NCl2)2
P c c n,56.0,FeH12C2(NCl2)2
P c c n,56.0,FeH12C2(NCl2)2
P c c n,56.0,FeH12C2(NCl2)2
P c c n,56.0,FeH12C2(NCl2)2
P c c n,56.0,FeH12C2(NCl2)2
P c c n,56.0,FeH12C2(NCl2)2
P c c n,56.0,FeH12C2(NCl2)2
P c c n,56.0,FeH12C2(NCl2)2
P c c n,56.0,FeH12C2(NCl2)2
P c c n,56.0,FeH12C2(NCl2)2
P c c n,56.0,FeH12C2(NCl2)2
P c c n,56.0,FeH12C2(NCl2)2
P c c n,56.0,FeH12C2(NCl2)2
P c c n,56.0,FeH12C2(NCl2)2
P c c n,56.0,FeH12C2(NCl2)2
P c c n,56.0,FeH12C2(NCl2)2
P m c 21,26.0,BaCe(SnS3)2
P m c 21,26.0,BaPr(SnS3)2
P m c 21,26.0,BaNd(SnS3)2
P m c 21,26.0,BaCe(SnSe3)2
P n a 21,33.0,YBe2B5O11
P n a 21,33.0,GdBe2B5O11
P 4/m m m,123.0,EuAl4Si2Ir
P 4/m m m,123.0,EuAl4Si2Rh
P n a 21,33.0,Zn2H23C24N11O5
P 21 21 21,19.0,H16OsC12N2Cl3O2
I 4/m m m,139.0,Na3PaF8
P n n m,58.0,PaH12C4NF6
I -4,82.0,AlCuP4H46(C8S)2
P m n 21,31.0,K10Mo6Br2(O4F7)3
P m n 21,31.0,K10Nb6Br(O2F9)3
P m n 21,31.0,K10Nb6I2(O2F9)3
P n m a,62.0,FeHOF
P b c n,60.0,NbH10C10N2OF5
P 41,76.0,CuH8C11N5ClO5
P b c a,61.0,UAgP2H2CO8
C 2 2 21,20.0,U2Ag2P2H2C(O6F)2
I 41/a m d :2,141.0,Co2PO5
C m c 21,36.0,CsZn2B3O7
I 4/m c m,140.0,Ba12NaB7O21F4
I 4/m c m,140.0,Ba12LiB7O21F4
P b c a,61.0,MoH7C8N3O5
P 21 21 21,19.0,H14AuC8N2Cl
P n a 21,33.0,H22WC21NCl6
P n m a,62.0,H20PtC7N2Cl2O3
P n m a,62.0,FeH9C11SN
P n m a,62.0,H9RuC11SN
I 41/a c d :2,142.0,Cd3As2
P 21 21 21,19.0,V2CuH16C8(NO)6
P 21 21 21,19.0,V2CuH16C8(NO)6
P 43 2 2,95.0,Co6H20C23NO14
I 4/m m m,139.0,Ba2CoAg2(SeO)2
P n m a,62.0,Ba2HgS5
I 4/m,87.0,K(IrO2)4
P n m a,62.0,V2Co(HO2)4
C m c m,63.0,Yb(Al5Os)2
C m c m,63.0,Lu(Al5Os)2
P n m a,62.0,KY(SeO3)2
P n m a,62.0,RbY(SeO3)2
P a -3,205.0,CsY(SeO3)2
P c a 21,29.0,H19C19NO5
P 41 21 2,92.0,Cu2H24C19(NO)6
P 43 21 2,96.0,Cu2H24C19(NO)6
P 21 21 21,19.0,Cu2H24C19(NO)6
P 21 21 21,19.0,Cu2H24C19(NO)6
P 43 21 2,96.0,Cu2H24C19(NO)6
P 21 m a,26.0,K5U8B5O39
C m c m,63.0,K2TcNO2F5
C m c m,63.0,Rb2TcNO2F5
P 4/m,83.0,KTc2P3H24N10(OF10)2
P b c m,57.0,Pb3NO6
P b c a,61.0,Pb2NO5
P c a 21,29.0,NbIn(TeO4)2
C m c m,63.0,NdMg5Ni
P n a 21,33.0,LiH4C6NO2
P b c a,61.0,BaGe4(RhS3)2
P 21 21 21,19.0,CuH24C24N3ClO
P n a 21,33.0,H22C21N4(ClO)2
F m -3,202.0,Cs3Cu20Te13
P 21 21 21,19.0,CuH7C7N4ClO6
I 41/a,88.0,LiUF5
P n m a,62.0,KU2F9
P n m a,62.0,RbU2F9
P m c 21,26.0,RbU3F13
I 4 m m,107.0,BaSn3Au
P 4/n m m,129.0,Ba(SnAu)2
P 21 21 21,19.0,ReH21C18(NO3)4
P b a n :2,50.0,CdCu4C4S4(NO6)2
P 21 21 21,19.0,MnH16C13N6ClO3
P n m a,62.0,Na2Mg2NiH6
P 21 21 21,19.0,ZnH20C11S2(NO)2
F d d d,70.0,HfH8(SO6)2
P -4 21 c,114.0,HfCl2O9
I m m m,71.0,Nd2Co2SiC
I m m m,71.0,Pr2Co2SiC
I m a 2,46.0,CuH14C10IN4
I m a 2,46.0,CuH14C10I3N4
I m a 2,46.0,CuH14C10I2N4Cl
P n a 21,33.0,CuH13C15N3O8
P c c n,56.0,CuH18C6N2(Cl2O)2
P 21 21 2,18.0,Ag2H32C26S2N6O7
P a -3,205.0,Re3Se4O3
P n n m,58.0,La3LuSe6
P n n m,58.0,Ce3LuSe6
C m c m,63.0,PrLuSe3
C m c m,63.0,NdLuSe3
P 21 21 21,19.0,PH21Pd(C10Cl)2
P m n 21,31.0,P2H6(CO)3
P c a 21,29.0,P2H15W2C16N3O10
P 21 21 2,18.0,MgB6H36(C4O)2
P 21 21 21,19.0,KB2H17(C7N2)2
F m m m,69.0,BaAs2Xe5F22
F m m m,69.0,BaSb2Xe5F22
P 21 21 2,18.0,H30Pd2C29S2(N3Cl2)2
P n a 21,33.0,CuH2CN2Cl
P n m a,62.0,PH18C10S2N3(O4F3)2
P 21 3,198.0,CuH18C18(N2Cl)2
P c a 21,29.0,MnH12C16N5(OF)2
P c a 21,29.0,LiH23C17N2
P 21 21 2,18.0,K9Bi(PS4)4
P 21 21 21,19.0,Cu2BH25WC18S3N8
P c a 21,29.0,NpP2H9C2NO11
I 4/m c m,140.0,TiSb2
C m c m,63.0,In2NiC9(S2N3)2
P n n m,58.0,MnH4CSNO3
C 2 2 21,20.0,Co(HN2)4
I 4/m m m,139.0,La4Ni3O8
I 4/m m m,139.0,Nd4Ni3O8
F d d 2,43.0,AgPH6C8(N2F3)2
P n m a,62.0,FeH15C13(NCl)3
I -4 2 d,122.0,InH3C2O5
I -4 m 2,119.0,SrMgIn3
I 4/m m m,139.0,SrZnIn3
C m c a,64.0,Ca4In3Au10
P 21 21 21,19.0,CuH2C3N2
C m c m,63.0,Gd3Ge4
C m c m,63.0,Tb3Ge4
C m c m,63.0,Dy3Ge4
C m c m,63.0,Ho3Ge4
C m c m,63.0,Er3Ge4
C m c m,63.0,Tm3Ge4
C m c m,63.0,Y3Ge4
P m c 21,26.0,InH9(C2O)6
P n m a,62.0,InH9(C2O)6
P 42/n c m :2,138.0,In2H8C16O9
P n n m,58.0,Cu2PHO5
I 4/m c m,140.0,Lu7Sb3
P 21 21 21,19.0,H5C6S
P 21 21 21,19.0,Cu3H22(C4N5)4
P 21 21 21,19.0,TiH21C20NCl2O3
P 21 21 21,19.0,CuH4C6(N2O)2
P c a 21,29.0,ZnP2H10C3NO7
P 4/n m m :2,129.0,LaNiPO
I 4/m c m,140.0,EuSn3Bi
P 21 21 21,19.0,NaH3C2O3
C m c m,63.0,K2UCu3S5
P n m a,62.0,GaAsH8C5I3
P b c a,61.0,CoBi2SO7
P b c a,61.0,H4C2SeO4
P -4 21 c,114.0,SeO3
C m c m,63.0,RbSm2Ag3Te5
C m c m,63.0,RbGd2Ag3Te5
C m c m,63.0,RbTb2Ag3Te5
C m c m,63.0,RbDy2Ag3Te5
C m c m,63.0,CsPr2Ag3Te5
C m c m,63.0,CsNd2Ag3Te5
C m c m,63.0,CsSm2Ag3Te5
C m c m,63.0,CsGd2Ag3Te5
C m c m,63.0,CsTb2Ag3Te5
C m c m,63.0,CsDy2Ag3Te5
C m c m,63.0,CsHo2Ag3Te5
C m c m,63.0,CsEr2Ag3Te5
P m a 2,28.0,Zn2H25C39(N3O4)2
P 42/m n m,136.0,Sr3Li2
P c a 21,29.0,B9H20C5I2N
P c a 21,29.0,H5AuC7SN2
P n a 21,33.0,ZnH14C22(N2O3)2
I m -3,204.0,CaCu3(RhO3)4
P n m a,62.0,Nd2Te3MoO12
P n m a,62.0,La2Te3MoO12
P n a 21,33.0,Rb4Te8O23
C c c m,66.0,CuH3(CN2)2
P n a 21,33.0,ZnH8C12(NO2)2
P b c a,61.0,ZnAs
P b c a,61.0,ZnAs
P -4 21 m,113.0,U2H25C13NO14
P -4 21 m,113.0,U2H25C13NO14
P 21 21 21,19.0,FePH19C14
P n m a,62.0,FeBP(H11C7)2
P n a 21,33.0,GePH21C21Cl2
P n m a,62.0,MnBiO3
P n m a,62.0,MnBiO3
P 21 21 21,19.0,CuH7C11N3O2
P b c a,61.0,VPbSeO5F
P n 21 a,33.0,H13C11S4N3O
I m m a,74.0,CoH10C14N4O7
I m m a,74.0,MnH10C14N4O7
P n a 21,33.0,NaVH2(OF2)2
P n a 21,33.0,TiH16C22(SN)2
P m m n :2,59.0,Cr3H42C36(N3O4)4
I m m a,74.0,CrH4C9N8O
I 41/a m d :2,141.0,Mn2CoO4
C m c m,63.0,MoH18C22S4(NCl2)2
P n n m,58.0,P2Os
P n n m,58.0,As2Os
P n n m,58.0,Sb2Os
P n m a,62.0,H11C19N4Cl3
P c c n,56.0,U2PCl13
P b a m,55.0,UPCl5O2
P n m a,62.0,U2PCl11O
P 21 21 21,19.0,H9C5NO
P 21 21 21,19.0,EuBiSe3
P 21 21 21,19.0,EuSbSe3
P n m a,62.0,RbNa2B6BrO10
P 21 21 21,19.0,RbNa2B6ClO10
P 21 21 21,19.0,Na3B6ClO10
P 4/n m m :1,129.0,LaBiPbS3O
C m c m,63.0,CoAgB2H12C20N10(OF2)4
C m c m,63.0,CoAgB2H12C20N10(OF2)4
C m c m,63.0,CoAgB2H16C20N10(O3F4)2
C m c m,63.0,Ni2Ag2B2H30C43N20O9F8
C m c m,63.0,CoAgB2H12C20N10(OF2)4
F d d d :2,70.0,Na2Th(AsO4)2
I 41/a m d :2,141.0,Cs2Th(AsO4)2
P 42/m n m,136.0,Nb4Ga5
P n m a,62.0,H4C2N2O3
I 2 2 2,23.0,CdH28C12(NCl2)2
P b c a,61.0,NaIn(TeO3)2
P n m a,62.0,KIn(TeO3)2
I 4/m c m,140.0,BaU2Te5
P b c 21,29.0,CuH20C8N16(ClO6)2
I 41/a m d :2,141.0,TaNO
P n m a,62.0,FeH19C9Br3NO
I 4,79.0,FeH28C44N4Cl
I 4,79.0,FeH28C44N4Cl
I 4,79.0,FeH28C44N4Cl
I 4,79.0,FeH28C44N4Cl
P n m a,62.0,GdMnCu4P3
P n m a,62.0,TbMnCu4P3
P n m a,62.0,DyMnCu4P3
P n m a,62.0,HoMnCu4P3
P 4/n m m :2,129.0,LaCu4P3
C m c m,63.0,NaFeF3
I m -3,204.0,Ba12In(H2C9)2
P n m a,62.0,ReH12C17BrN4O3
P n m a,62.0,LiCa3As2H
P 4/n m m :2,129.0,BiIO
P b c n,60.0,Mn3Ge2H12S7N4
P c c n,56.0,Na2Te4O9
P 21 21 21,19.0,CuH21C15SN5O3
P b a m,55.0,Ce(Al4Co)2
I 41/a m d :1,141.0,GdVO4
P m n 21,31.0,TiH36C19O7
I m -3 m,229.0,SiW12C7O40
P 4/n c c :2,130.0,Co3H12C20N8(ClO5)2
P 21 21 21,19.0,CoH4C7N2O5
P 21 21 21,19.0,CoH4C6(NO3)2
P 21 21 21,19.0,H21PtC24SNO4
I m m a,74.0,BaGe5
C m c m,63.0,BaGe6
P n m a,62.0,RbLi6B2O6F
P n a 21,33.0,Co2H21C23NO7F6
P 21 21 21,19.0,BaNaEu(SiO3)3
A m a 2,40.0,Ba3NaEu3(Si3O10)2
P m m a,51.0,Y3AlC3
P b c a,61.0,Cu3GeH3C5(S2N)2
I m m a,74.0,BaGe5
P 42/n b c :2,133.0,NaY(Te2O5)2
P n m a,62.0,KY(TeO3)2
P n m a,62.0,RbY(TeO3)2
P n m a,62.0,PbC7I3
I m -3 m,229.0,Cu4C12Br3N4
P a -3,205.0,Sr(PPt3)2
P 4/n m m,129.0,Sm2Bi2S4OF
I 2 3,197.0,Pu2B5O18
P 21 21 21,19.0,H8C12N3F
C m c m,63.0,ScUS3
I b a m,72.0,TiH10C10(NF3)2
I m m a,74.0,VH8(C7O3)2
P m n 21,31.0,Na11Ca2Al3Sb8
P n a 21,33.0,GaCuO2
P n a 21,33.0,CdH7C3NO6
P n a 21,33.0,CdH7C3NO6
P n a 21,33.0,CdH7C3NO6
P n m a,62.0,NiPb(SeO3)2
P n m a,62.0,CoPb(SeO3)2
C m c 21,36.0,NiPb(SeO3)2
P 21 21 21,19.0,H16C21(SN2)2
I m m a,74.0,CrH9C14NO5
P 42/n :1,86.0,Na4Cu4H18C8O23
P n a 21,33.0,Li2MnGeS4
P 43,78.0,Mn2H12C17O10
P 41,76.0,Mn2H12C17O10
P b a m,55.0,Al4Bi2O9
P b a m,55.0,AlGa3Bi2O9
P b a m,55.0,Al2Ga2Bi2O9
P b a m,55.0,Al3GaBi2O9
P b a m,55.0,Ga4Bi2O9
P 42/n c m :2,138.0,FeH16C4(NCl2)2
P c a b,61.0,FeH16C4(NCl2)2
P c c n,56.0,FeH16C4(NCl2)2
P c a b,61.0,FeH16C4(NCl2)2
I 4/m m m,139.0,FeC4(NCl2)2
P c c n,56.0,FeH16C4(NCl2)2
P c a b,61.0,FeH16C4(NCl2)2
P c a b,61.0,FeH16C4(NCl2)2
P c a b,61.0,FeH16C4(NCl2)2
P 21 21 21,19.0,H12C13SO2
P m c 21,26.0,BaHgS2
P 21 21 21,19.0,H14C16NClO
P n m a,62.0,NaSiBH9C7N4F
P n -3 :2,201.0,NaNiH6(OF)3
P 21 21 21,19.0,PH15RuC10N2(OF3)2
P 21 21 21,19.0,PH14RuC12N3(OF3)2
P 21 21 21,19.0,PH16RuC11SN(OF3)2
P c c n,56.0,VCu2P3H22C24(NO4)4
P 42/m b c,135.0,SrU(PS4)2
P 42/m b c,135.0,BaU(PS4)2
P 42/m b c,135.0,SrTh(PS4)2
C m c m,63.0,CoH14C12S2N14O
C m c m,63.0,NiH14C12S2N14O
C m c m,63.0,ZnH14C12S2N14O
P 42/n m c :1,137.0,Ce2Cd(SeO)2
P b c a,61.0,UH11C12N2O5
P b c a,61.0,UH11C12N2O5
P n m a,62.0,NaSc(SeO3)2
P n m a,62.0,CsSc(SeO3)2
B m a b,64.0,Ce8ZnFe3(SeO)8
I m c b,72.0,La20Mn9Zn(SeO)20
P 21 21 21,19.0,CuRe2H13C13N7Cl9O2
P n m a,62.0,H16C10SeN2(OF)2
P c c n,56.0,UH4C2(NO3)2
P n m a,62.0,KCuMoO5
P 43,78.0,TbZnH16C24(NO3)3
P 43,78.0,TbZnH16C24(NO3)3
P 41,76.0,TbZnH16C24(NO3)3
P 43,78.0,TbZnH16C24(NO3)3
P 43,78.0,TbZnH16C24(NO3)3
P 41,76.0,TbZnH16C24(NO3)3
P 41,76.0,TbZnH16C24(NO3)3
P 43,78.0,TbZnH16C24(NO3)3
P 21 c n,33.0,CaTeO4
P 21 c a,29.0,CaTeO3
P c m n,62.0,K2NaAl3F12
P n m a,62.0,Ba2UTiTe7
P n m a,62.0,Ba2UCrTe7
P n m a,62.0,Ba2ThCrTe7
F d -3 m :2,227.0,LiTiMnO4
F d -3 m :2,227.0,LiTiMnO4
F m -3 m,225.0,CeO2
P 21 21 2,18.0,Zn2H42C36N8O13
I m m m,71.0,Cs2USiO6
I m m m,71.0,Rb2USiO6
I 4/m,87.0,Na4NpO5
I 41/a,88.0,Ta2Mn3O8
P 42/m b c,135.0,CdH2(C5O4)2
I b a m,72.0,Cd3H22C24N2O17
P m m m,47.0,AlCr3B4
C m c m,63.0,AlBW
C m m m,65.0,Al(FeB)2
C m c m,63.0,AlBMo
C m m m,65.0,Al(CrB)2
C m m m,65.0,Mn2AlB2
P m m n :2,59.0,H20AuC13BrN4
I -4 2 d,122.0,LiFeP2(HO3)2
P 21 21 21,19.0,Sr6Sb6S17
P n m a,62.0,CsGaCl4
P c 21 n,33.0,RbNiPO4
P 21 21 21,19.0,SbH20C12SN2Cl2(OF)3
F m -3 m,225.0,Cs2LiIr(CN)6
P m -3 n,223.0,Ba4Si23
F m -3 m,225.0,Yb2Ru
P b c a,61.0,SXeO3F2
P 21 21 21,19.0,H16RhN5(ClO4)2
P n m a,62.0,VH7N2O5
I 41 m d,109.0,LaAlGe
P m -3 m,221.0,HoSn3
F d -3 m :1,227.0,PrYNi4
F d -3 m :1,227.0,GdS2
F m -3 m,225.0,Cs2LiFe(CN)6
P 43 21 2,96.0,U(BH4)4
P n a 21,33.0,NaZnMoO5
P b c a,61.0,Al(TeCl2)2
P m -3 m,221.0,Na4Al12Co4Si12(NO17)3
P n m a,62.0,RuSN5Cl2O
P n m a,62.0,H9OsN7Cl2
C m c 21,36.0,AsS
P 21 21 21,19.0,SbTe(SeF3)2
P 21 21 21,19.0,TeAs(SeF3)2
P 21 n b,33.0,CoH15N6(ClO)2
P n n m,58.0,Bi6Cl7
P b c m,57.0,NaHNO2
P n m a,62.0,BH5CSN2
C 2 2 21,20.0,CsCuBr3
P n m a,62.0,Cs2CuBr4
P b c a,61.0,H6Pt(N2O3)2
P m -3 m,221.0,ErSn3
P m -3 m,221.0,DySn3
P m -3 m,221.0,NaAl3CoSi3CO13
P b c a,61.0,CoSbH18(NCl)6
F m -3 m,225.0,Cs2LiMn(CN)6
P 42/m n m,136.0,Cr2HN10Cl5O2
P n m a,62.0,Yb3Si2ClO8
P n m a,62.0,RuXeF11
P 21 21 21,19.0,HgOF
P n a 21,33.0,CrP2H6(CO)4
P n m a,62.0,CsSO2F
P n m a,62.0,Eu2H4Pd
P m -3 m,221.0,EuH3Pd
P c a 21,29.0,Pd(XeF8)2
P 4/m c c,124.0,Tl4PtC5N4O3
I -4,82.0,CuMoS4N
P 4/m n c,128.0,K4Mo2S4ClO20
P b c a,61.0,MoH12C4S4(N3O)2
C m c a,64.0,SbI(ClF3)2
P m -3 m,221.0,Fe7C18(N9O7)2
P n m a,62.0,S4N5Cl
C m m m,65.0,OsCl4
I m m m,71.0,NbPS
I m m m,71.0,NbPSe
I 4 m m,107.0,SnP
C m c a,64.0,CoSiC4O4F3
I m m a,74.0,Fe2O2F5
P n m a,62.0,CoHgH18N6Cl5
P n 21 a,33.0,KXeO3F
F m m m,69.0,K2CuPb(NO2)6
R 3 :R,146.0,Co2(GeS)3
R 3 :R,146.0,Co2(GeSe)3
P 21 21 21,19.0,Re2O7
P n m a,62.0,ZnCoH18N6Cl5
P m -3 m,221.0,TbSn3
P m -3 m,221.0,YSn3
I 41/a :2,88.0,Te5(O2F11)2
P n m a,62.0,KBrO4
F d d 2,43.0,PdF4
P 1 2/c 1,13.0,B5H7
P 43 21 2,96.0,CuH12C3S3BrN6
P 43 21 2,96.0,CuH12C3S3IN6
P n a 21,33.0,ZnCl2
F -4 3 m,216.0,CsFeP(H6O5)2
F -4 3 m,216.0,CsFeP(H6O5)2
P c a 21,29.0,Rb2(PSe2)3
I 4/m m m,139.0,VPNO5
P n m a,62.0,MoF6
P n m a,62.0,IrF6
P n m a,62.0,OsF6
P m -3 n,223.0,Li8Nd18Co4O39
P 1 21/n 1,14.0,C3S2(OF2)2
C m c m,63.0,LaNi3B
P 42/m n m,136.0,LiCa10MgSb9
P 42/m n m,136.0,Ca10Mg2Sb9
C m c m,63.0,Sm3OsO7
C m c m,63.0,Eu3OsO7
C m c m,63.0,Gd3OsO7
P 21 n b,33.0,Sm3OsO7
P 21 n b,33.0,Eu3OsO7
P 21 n b,33.0,Gd3OsO7
C m c m,63.0,CaPtO3
P n m a,62.0,Sr2SnS3F2
F m -3 m,225.0,GaH12(NF2)3
P 1,1.0,Sn14Sb11Pt8
P 4/m c c,124.0,KY(CO)8
I 4/m,87.0,RbLa9(IrO6)4
P n m a,62.0,HgH12N4(ClO4)2
P n m a,62.0,PS2N(Cl3O2)2
I -4 3 m,217.0,Na10EuSn12
I -4 3 m,217.0,Na10YbSn12
P n m a,62.0,LiBeH3
P m -3 m,221.0,NaBeH3
P b c m,57.0,CsHCO2
P b c m,57.0,RbHCO2
P b c a,61.0,FeH6(C6N5)2
P b c a,61.0,FeH6(C6N5)2
I 4/m m m,139.0,SrGe3
A m a 2,40.0,Cs2Li5(BO2)7
I m -3 m,229.0,Ca5(GePd)6
C m m m,65.0,U3Fe2Ge7
C m c 21,36.0,PNF2
F m -3 m,225.0,K2MnCl6
I -4 3 d,220.0,Ba4Bi3
I -4 3 d,220.0,Sr4Bi3
F d -3 m :1,227.0,FeO2
P -4 3 n,218.0,Li7VN4
P b c a,61.0,BH3NF3
P 42/n m c :2,137.0,Li7VN4
B m m b,63.0,TePb3(ClO2)2
P 4/m m m,123.0,KY2Ti2S2O5
P a -3,205.0,CsMnH24(SO10)2
P a -3,205.0,CsTiH24(SO10)2
P a -3,205.0,CsGaH24(SO10)2
P a -3,205.0,CsVH24(SO10)2
P n a 21,33.0,BaAl
C m c m,63.0,Y5(FeTe)2
P n m a,62.0,Y5(NiTe)2
P n m a,62.0,CoH17S2N5ClO4
P b c n,60.0,Ce(NF3)2
I m m 2,44.0,Lu7(NiTe)2
I m m 2,44.0,Lu7(TePd)2
P 4/m m m,123.0,Sr2La2Ti3CuO12
P 4/m m m,123.0,Ca2La2Ti3CuO12
I 41/a :2,88.0,LiYbF4
P b c m,57.0,Ca2AsClO4
P b c m,57.0,Ca2VClO4
F m -3 m,225.0,Ba2NdMoO6
P b a m,55.0,K2MoCl4O
C m c 21,36.0,Mo2H22N5Cl9O
P n m a,62.0,K2OsNCl5
P n m a,62.0,Yb5Sb3
I 41/a :1,88.0,CaEu2(MoO4)4
P n m a,62.0,Nb14S5
P c a m,57.0,As2S2F3
P c a m,57.0,SbAs3(S2F3)2
I 4/m m m,139.0,Yb11Sb10
P m n 21,31.0,ZrI2
P b c a,61.0,CsReBr4
F m -3,202.0,K2CuPb(NO2)6
P n a 21,33.0,Cs5W4C12S12N13O10
P n c 2,30.0,K2VCSe5O2
P 21 21 21,19.0,C2O3F2
C m c a,64.0,Cs3CuTeS9
P b c a,61.0,Sb2IBr2F11
P n n a,52.0,K3Ga3As4
P b c n,60.0,Ni2P4C11S2(OF8)3
P b c a,61.0,TcCl4
I m m m,71.0,SbS2NCl6
I -4 2 m,121.0,Pd3(NO)16
P b c n,60.0,Fe2MoP12
P n m a,62.0,P4Se3
P n m a,62.0,Ba2MnSe3
P n m a,62.0,Ba2MnS3
"C m c m (c,b,-a)",63.0,Cs2RuCl5O
P 21 21 21,19.0,B7H10
P n m a,62.0,P4S3I2
C 2 2 2,21.0,HoSb2
I 4/m,87.0,XeIF7
P 21 21 21,19.0,CoH9(NO)6
I 41/a m d :1,141.0,SbH8(Br3N)2
C m c m,63.0,Li4H5Rh
I 4/m,87.0,Li4H4Rh
P b c m,57.0,KTeF5
I m m m,71.0,Cs3V(Cl3O2)2
P c a 21,29.0,Al(SeCl)4
P 21 21 21,19.0,SbS7IF6
I -4 c 2,120.0,K2CuF4
P n m a,62.0,V3P4O15
A b m 2,39.0,Ta3S2
F m -3 m,225.0,LaTe
P 4/n :2,85.0,SrBr2
F m -3 m,225.0,H18Ru(IN3)2
F m -3 m,225.0,B3H18Ru(NF2)6
P 21 21 21,19.0,H8RuN3Cl5O
P n a m,62.0,H12RuSN4(ClO)2
P 21 21 21,19.0,K2RuO5
F m -3 m,225.0,Na2S
F m -3 m,225.0,Na2Te
P b c a,61.0,Na4XeO12
P 21 c a,29.0,U2H14S2O19
P 21 21 21,19.0,LaH21C14I3N7
P 21 21 21,19.0,CeH21C14I3N7
I b a 2,45.0,MnH8C2N4(ClO)2
F m -3 m,225.0,Ce6Mg23Sn
F m -3 m,225.0,Gd6Mg23C
F m -3 m,225.0,Ce6Mg23Si
F m -3 m,225.0,Nd6Mg23C
F m -3 m,225.0,Pr6Mg23C
F m -3 m,225.0,Sm6Mg23C
F m -3 m,225.0,La6Mg23C
F m -3 m,225.0,Ce6Mg23Sb
F m -3 m,225.0,Ce6Mg23Ge
F m -3 m,225.0,Ce6Mg23P
F m -3 m,225.0,La6Mg23Sb
F m -3 m,225.0,Ce6Mg23As
F m -3 m,225.0,Ce6Mg23C
F m -3 m,225.0,La6Mg23P
F m -3 m,225.0,K2NaScF6
F m -3 m,225.0,Cs2LiYCl6
F m -3 m,225.0,Cs2NaYCl6
F m -3 m,225.0,Cs2NaYBr6
P n m a,62.0,Na2Zn3(PO3)4
F m -3 m,225.0,Mg2FeH6
F d -3 m :2,227.0,Cd2Re2O7
P 21 21 21,19.0,Co6C16SO14
P n n m,58.0,Co2H34N12Cl3O10
P b c n,60.0,K2H6PtC4N4O3
P 4/n c c :2,130.0,VSiP2O9
P m -3 m,221.0,KVF3
P m -3 m,221.0,RbVF3
P n m a,62.0,Sr2PNO3
P n m a,62.0,Ca2PNO3
P n m a,62.0,Sr2PNO3
P n m a,62.0,Sr2PNO3
P n m a,62.0,Sr2PNO3
P n m a,62.0,Sr2PNO3
P b a m,55.0,Li12AgGe4
P n m a,62.0,H16WC18NCl6
I 4 m m,107.0,LaGa3Cu
I 4 m m,107.0,CeGa3Cu
I 4 m m,107.0,PrGa3Cu
I 4 m m,107.0,NdGa3Cu
I 4 m m,107.0,SmGa3Cu
I 4 m m,107.0,EuGa3Cu
I 4 m m,107.0,GdGa3Cu
I 4 m m,107.0,NdGa3Cu
I 4 m m,107.0,NdGa3Cu
C m c e,64.0,Ga2B3O8
P 21 21 21,19.0,H11C13SN3
P b c a,61.0,FeH10C11INO5
P 21 21 21,19.0,FeH14C16SN2O5
I 41 2 2,98.0,GaH4C8O5
P m n 21,31.0,FeH5(C4O3)2
P 4 21 2,90.0,SrTiCu4P4O17
P 4 21 2,90.0,BaTiCu4P4O17
C m c m,63.0,KB3(H6N)2
P n c n,52.0,CsB3(H6N)2
I 4/m m m,139.0,Cu4H24C36N15ClO21
I 4/m m m,139.0,CuH6C9N3ClO6
I 4/m m m,139.0,Cu4B3H24C36N12Cl(OF)12
I 4/m m m,139.0,Cu4B3H24C36N12Cl(OF)12
P 42/m n m,136.0,H36RuC20I4(N2Cl)2
P n m a,62.0,CuH20C14SN10O7
P n a 21,33.0,UH17PbC22N3O11
P 21 21 21,19.0,KVSO7
P 4/n m m :2,129.0,Cu2H3C7INO5
I 4/m,87.0,Ni2H16WC8(NO)8
I 4/m c m,140.0,Ni2W(CN)8
P 42 c m,101.0,Sn2H20C9I7N3
A e 2 a,41.0,Sn2H20C9I7N3
I 4 m m,107.0,Sn2C12I7N3
P m n a,53.0,SnH12C2(I2N3)2
P n a 21,33.0,Sr2UO17
I 4/m c m,140.0,VAs2H8O9
P 21 21 21,19.0,ReH20C20N2ClO5
P m n 21,31.0,TiBH42(C13N5)2
F -4 3 c,219.0,Cu8(SnS4)3
C m c m,63.0,Bi2(Pb2Se3)3
P c a 21,29.0,Na3La(PO4)2
I -4,82.0,UPH20(C4F)6
P m c 21,26.0,AgH10C9SI2N
P 42/n :2,86.0,AgH12C10SI2N
P 21 21 21,19.0,Ag2H7C7SI3N2
P n a 21,33.0,H25C23N4O4F3
P n m a,62.0,K2Th(TeO4)3
I 4/m,87.0,Zr4H24C16O27
P -4 21 m,113.0,Sr2MnGe2S6O
P -4 21 m,113.0,Sr2ZnGe2S6O
I -4 m 2,119.0,Co8H32C48N8O25
P n m a,62.0,H15RuN5Cl3
I 4/m m m,139.0,K4Ru2Cl10O
P 42/n :2,86.0,Ge2H24C10S5N2
P 42/n :2,86.0,Ge2H22C24S5N2
P 21 3,198.0,K2Fe2(SO4)3
P 21 21 21,19.0,K2Cu2(SO4)3
P n m a,62.0,MoO2
P n m a,62.0,Ba(NiGe)2
I 4/m m m,139.0,Ba(NiGe)2
P 21 21 21,19.0,VH10C9NO7
P c a 21,29.0,NaB5(H2O5)2
P b c a,61.0,CdH6C5NCl3
A m m a,63.0,CdH6C5NCl3
P n m m,59.0,Cd2H6C5NCl5
P n m a,62.0,Cd2H6C5NCl5
P 21 21 21,19.0,NiH24C18N3ClO2
P 21 21 21,19.0,H23C10NO3
P 21 21 21,19.0,GeH20C10BrNO3
P 4/n m m,129.0,GaReSi
P b c a,61.0,CuH6C6BrNCl2
P b c a,61.0,CuH6C6NCl3
F d d 2,43.0,CuH8C8I5N4
P m m n,59.0,DyMn3O6
P a -3,205.0,Na(BCl)6
P a -3,205.0,Na(BCl)6
P 21 21 21,19.0,ReH23C25N4O3
P 42 b c,106.0,Ba12LiB7O21F4
P 42 b c,106.0,Ba12NaB7O21F4
I 41/a m d,141.0,Ba(AuS)2
P m m n :2,59.0,V2P2H4O11
I 41 2 2,98.0,InH11C11NO6
P 42/n n m,134.0,Fe6H40C33(NO8)2
C c c m,66.0,AgB6H6C4(NF3)2
P b c m,57.0,TbH14C23(NO2)3
P 21 21 21,19.0,CuH15C24(NF5)2
P n m a,62.0,KNO3
P 21 21 21,19.0,PH15(C9I)2
P 21 21 21,19.0,PH19C20I3N
P 21 21 21,19.0,UH24C24S4N4O
P 4 n c,104.0,H12Pb(C3O)4
P 21 21 21,19.0,CsVH7C4O9
P 21 21 21,19.0,RbVH7C4O9
P 21 21 21,19.0,Na2V2H24C8O23
P n m a,62.0,H17PtC14N3Cl2
A e a 2,41.0,FeH22C18(SeN3)2
P b c a,61.0,MoH4C2N4O3
P b c a,61.0,Mo2H8C10N6O7
P b c a,61.0,CuH6(C5N6)2
P 21 21 21,19.0,Cu3H12C12I4N
P 21 21 21,19.0,Cu3H12C12I4N
P n a 21,33.0,H12PtC17(NO)2
P b c a,61.0,CoH20C24(N5O)2
C m m m,65.0,ZnH17C22N5O4
P 21 21 21,19.0,Mn2H21C24S3N3O7
I b a 2,45.0,BH8CN
P b c a,61.0,BH10C2N
P n a b,60.0,CuH10C12N2Cl4O7
P n a 21,33.0,TaH16C6(NCl2)2
P b c a,61.0,H9C5I7N2
C m c 21,36.0,RePH23C25N3Cl4(OF2)3
I -4,82.0,CoPH38C38N6(OF3)2
P 21 21 2,18.0,FeH48PdC32(N3Cl)2
I -4 2 m,121.0,Dy5H4(C4O11)2
I -4 2 m,121.0,Gd5H6(C4O11)2
P n m a,62.0,CuH12C4S2(ClO)2
P 42,77.0,Cu14H32C16(I4N7)3
P m n 21,31.0,Fe2H36C27(SN3)2
P b c a,61.0,CoH12C4SNCl3
P b c n,60.0,CuH7C11N3O4
P b c n,60.0,CuH9C12N3O4
P b c n,60.0,CuH9C12N3O4
P b c n,60.0,ZnH9C12N3O4
P 21 21 2,18.0,H14PtC8N4Cl
P 21 21 21,19.0,H14PtC8(N2O)2
P 21 21 2,18.0,H14PtC8IN4
P 21 21 2,18.0,H14PtC8BrN4
P n m a,62.0,H14PtC17(N4F3)2
P b c n,60.0,FeH16C16(SN)4
P b c n,60.0,FeH16C16(SN)4
P n a 21,33.0,SnH20C24S2(I2O)2
P 21 21 2,18.0,CoH22C34Br2(NO)2
P 21 21 2,18.0,DyCo2P7H46C22(O10F3)2
P 21 21 2,18.0,YCo2P7H46C22(O10F3)2
P n m a,62.0,FeNiH5C8IN6O
P n m a,62.0,FeH5PdC8IN6O
P n m a,62.0,FeH5PtC8IN6O
P 21 21 21,19.0,Si2H25C22N
P 42/m n m,136.0,ZnH11C17N3O4
P 42/m n m,136.0,CoH11C17N3O4
P 42/m n m,136.0,CuH11C17N3O4
P 42/m b c,135.0,GeH10(C4N)2
P 21 21 21,19.0,SiH14C6(NO2)2
P b c a,61.0,SiH12C5(NO2)2
P -4 21 c,114.0,SiH12C8(NO2)8
P n a 21,33.0,TaH22C11N3Cl4
P n -3 :2,201.0,YbH12(CN3)3
I 41/a m d :1,141.0,Yb(H2N)2
P n -3 :2,201.0,YbH12(CN3)3
P m m n :2,59.0,P2Ru2Pt2C18N7(O7F6)2
P m m a,51.0,P2H24Ru2Pt2C22N6Cl(O7F6)2
P n n a,52.0,CdH12C21(N2O3)2
C m c m,63.0,UH20C20N6(ClO)2
P b c n,60.0,UH20C16N4(ClO)2
P n a 21,33.0,UH16C16S2N4(O4F3)2
P n a 21,33.0,CuH16C12(N5O3)2
P -4 21 c,114.0,ZnCu2H12(C3N2)4
P n n a,52.0,K2MnH13C13NO10
P n n a,52.0,K2CoH13C13NO10
P b c a,61.0,H9C9N5
P c a 21,29.0,TbH9C4(NO4)2
P c a 21,29.0,TbH9C4(NO4)2
P c a 21,29.0,DyH9C4(NO4)2
P c a 21,29.0,DyH9C4(NO4)2
P c a 21,29.0,HoH9C4(NO4)2
P c a 21,29.0,HoH9C4(NO4)2
P c a 21,29.0,ErH9C4(NO4)2
P c a 21,29.0,ErH9C4(NO4)2
P c a 21,29.0,TmH9C4(NO4)2
P c a 21,29.0,TmH9C4(NO4)2
P c a 21,29.0,TmH9C4(NO4)2
P c a 21,29.0,TmH9C4(NO4)2
P c a 21,29.0,YbH9C4(NO4)2
P c a 21,29.0,YbH9C4(NO4)2
P c a 21,29.0,LuH9C4(NO4)2
P c a 21,29.0,LuH9C4(NO4)2
P c a 21,29.0,YH9C4(NO4)2
P c a 21,29.0,YH9C4(NO4)2
F m -3 m,225.0,Ag2H6C3(IN)2
F m -3 m,225.0,Ag4H12C6I3N4
F -4 3 m,216.0,AgH6C3IN2
F -4 3 m,216.0,AgH6C3IN2
F -4 3 m,216.0,AgH6C3IN2
P 41 21 2,92.0,NiH24C24(N2O)2
I b a 2,45.0,ZnH22C8S4(N2O)6
P n m a,62.0,SbH16C5Br5N2
P b c a,61.0,H6C5SNF5
P n m a,62.0,H9C6NF2
P 21 21 21,19.0,H9C10S2N2F9
P -4 21 c,114.0,H5C5S2NF9
P n a 21,33.0,H14Pb2C8O9
P b a n :2,50.0,H18Pb4C12O13
P b c m,57.0,PH24C20S2IN5
P 43 21 2,96.0,Cu3H13C11N9O7
P n n m,58.0,U2H16C16N4O19
C m c 21,36.0,K3B3(H4O5)2
C m c 21,36.0,BPH8C5Cl3
P n m a,62.0,BPH8C5Br3
P 21 21 21,19.0,BAsH8C5Cl3
P m c 21,26.0,AgH12C15N8
P 21 21 21,19.0,HC5S3BrO
P b c n,60.0,HgH11C9S(NO2)2
P 4/n :2,85.0,CuH20C32S8N4ClO5
C 2 2 21,20.0,U2CoH12C24O25
F d d 2,43.0,Fe2C5N(ClO6)2
P c a 21,29.0,C7Se2N2ClF4
P n a 21,33.0,CdH10C12N2O5
P 21 21 21,19.0,Co2PH11C11O8
P 21 21 21,19.0,CuH17C19N6ClO3
P 21 21 21,19.0,NaCu4H68C76N20(ClO5)4
P m n a,53.0,FeNiH6C12(N4F)2
P m n a,53.0,FeH6PtC12(N4F)2
C m c e,64.0,FeAu2C8N6F
P m n a,53.0,FeH6PtC12(N4F)2
P m n a,53.0,FeH6PdC12(N4F)2
C m c e,64.0,FeAu2C8N6F
P m n a,53.0,FeH6PdC12(N4F)2
P n a 21,33.0,KPH20C17SO
P b c n,60.0,Cu3H16C22N6(ClO)2
P 21 21 21,19.0,H25PtC20N4Cl
P m -3,200.0,Ni3Bi6H66C42N6(O16F9)4
P m -3,200.0,Co3Bi6H66C42N6(O16F9)4
P 21 21 21,19.0,H15RuC23(N2Cl3)3
P n m a,62.0,Ag4Sn3H12C2(S4N)2
P 21 21 21,19.0,H24RuC16(N2Cl)2
P b c m,57.0,H10C4S(OF2)2
P 21 21 21,19.0,Cu3H12C10N13O5
F m -3,202.0,KNa(BH)12
F m -3,202.0,Na(BH)6
P n 21 a,33.0,CsNa(BH)12
P n 21 a,33.0,CsLi(BH)12
P 21 21 21,19.0,P2H13C13NCl2
P 21 21 21,19.0,P2H13C13S3N
P 21 21 21,19.0,SiBH20C8I6N
P 21 1 1,4.0,CoP2H22C30(NF2)6
C m c m,63.0,Co4P4H23C4N4O17F
P c c n,56.0,Be4P4H22C6N2O19
P c c n,56.0,CuH12C16IN2
P b c n,60.0,CuH11C15IN3
P n a 21,33.0,GdH16RuC12N9O8
P n a 21,33.0,NdH16RuC12N9O8
P n a 21,33.0,SmH16RuC12N9O8
P n c 2,30.0,CuH14C17S2N5
P c a 21,29.0,CuH14C17S2N5
C c c a :2,68.0,ZnH8C8(N2Cl)2
I 4/m m m,139.0,ZnH8C8(BrN2)2
P -4 3 m,215.0,Ge7(H2O11)2
P b c a,61.0,MnBH6C9Br2O3
P n n a,52.0,V2P2H25C10N2O15
P n n a,52.0,V2P2H16C8N2O15
P b c n,60.0,BH5C11N2(OF3)2
P 21 21 21,19.0,TcH16C8(Cl2O)2
F d d 2,43.0,ZnH10C11N4Cl2O
P m n 21,31.0,Cu3H8C8N12O3F2
I 41/a c d :2,142.0,Cu6H8C8BrN12
P n n a,52.0,Cu2H2C2N3Cl2
P 21 21 21,19.0,Mo2H19Ir3C25O11
P n m a,62.0,CuH9C25N4OF22
P n m a,62.0,P2H17C17N5(OF6)2
P 43,78.0,FeH18C19SN3(ClO)2
C m m a,67.0,Zn7(SbO6)2
I 4/m,87.0,Nb5(PPd)4
P b c a,61.0,CuMoH8C10(NO2)2
F d d 2,43.0,Na2CaH4(CO4)2
P 21 21 21,19.0,Mn5P2(HO3)4
P 21 21 21,19.0,Co5P2(HO3)4
P m n 21,31.0,Li3PO4
P a -3,205.0,NiAs2
P a -3,205.0,NiP2
P c c n,56.0,La2H16C3O17
P n a m,62.0,NaZnMoHO5
P n a 21,33.0,SbO2
I 4/m m m,139.0,V2Co(PO7)2
P m n 21,31.0,MnPH6NO5
P m n 21,31.0,MnPH6NO5
P m n 21,31.0,MnPH6NO5
P b n a,60.0,Fe3P2H6O11
P b n a,60.0,Fe3P2H3O11
P a -3,205.0,FeCoH18(NCl)6
B b m m,63.0,Bi2(PbS2)3
P b n m,62.0,Bi2(PbS2)3
B b m m,63.0,Bi2(PbS2)3
P b n m,62.0,Bi2(PbS2)3
B b m m,63.0,Bi2(PbS2)3
B b m m,63.0,Bi2(PbS2)3
P n m a,62.0,Cu4As2O9
